timestamp,poly_btc_chg,binance_chg,delta,up_chg,down_chg
2026-03-05T03:15:03+00:00,,,-0.27,,
2026-03-05T03:15:03+00:00,0,0.58,-5.09,,
2026-03-05T03:15:03+00:00,0,0.18,9.55,,
2026-03-05T03:15:03+00:00,0,0.18,-1.65,,
2026-03-05T03:15:03+00:00,0,0.1,12.88,,
2026-03-05T03:15:03+00:00,0,0.02,-2.11,,
2026-03-05T03:15:03+00:00,0,0.07,8.51,,
2026-03-05T03:15:03+00:00,0,0.02,-0.29,,
2026-03-05T03:15:03+00:00,0,0.52,5.89,,
2026-03-05T03:15:03+00:00,0,0.01,-3.93,,
2026-03-05T03:15:03+00:00,0,0.41,-5.5,,
2026-03-05T03:15:03+00:00,0,0.34,11.21,,
2026-03-05T03:15:03+00:00,0,0.16,-2.27,,
2026-03-05T03:15:03+00:00,0,0.01,0.84,,
2026-03-05T03:15:03+00:00,0,0.05,1.27,,
2026-03-05T03:15:03+00:00,0,0.03,0.84,,
2026-03-05T03:15:03+00:00,0,1.08,-5.35,,
2026-03-05T03:15:03+00:00,0,0.32,-0.21,,
2026-03-05T03:15:03+00:00,0,0.08,-5.83,,
2026-03-05T03:15:03+00:00,0,0.23,11.55,,
2026-03-05T03:15:03+00:00,0,2.56,-2.82,,
2026-03-05T03:15:03+00:00,0,0.44,-6.27,,
2026-03-05T03:15:03+00:00,0,0.07,-2.09,,
2026-03-05T03:15:03+00:00,0,0.07,-7.15,,
2026-03-05T03:15:03+00:00,0,0.11,5.62,,
2026-03-05T03:15:03+00:00,0,0.04,0.11,,
2026-03-05T03:15:03+00:00,0,-10.96,2.64,,
2026-03-05T03:15:03+00:00,0,-9.86,1.54,,
2026-03-05T03:15:03+00:00,0,0.02,9.73,,
2026-03-05T03:15:03+00:00,0,0.69,0.85,,
2026-03-05T03:15:03+00:00,0,0.22,8.29,,
2026-03-05T03:15:03+00:00,0,0.1,8.58,,
2026-03-05T03:15:03+00:00,0,0.01,0.83,,
2026-03-05T03:15:03+00:00,0,0.87,8.68,,
2026-03-05T03:15:03+00:00,0,0.22,1.05,,
2026-03-05T03:15:03+00:00,0,-15.33,12.98,,
2026-03-05T03:15:03+00:00,0,0.02,0.82,,
2026-03-05T03:15:03+00:00,0,0.6,-8.27,,
2026-03-05T03:15:03+00:00,0,0.05,-8.32,,
2026-03-05T03:15:03+00:00,0,0.01,12.87,,
2026-03-05T03:15:03+00:00,0,0.02,-7.01,,
2026-03-05T03:15:03+00:00,0,0.1,-2.02,,
2026-03-05T03:15:03+00:00,0,0.01,0.16,,
2026-03-05T03:15:03+00:00,0,0.02,0.81,,
2026-03-05T03:15:03+00:00,0,0.22,6.51,,
2026-03-05T03:15:03+00:00,0,0.34,-4.27,,
2026-03-05T03:15:03+00:00,0,2.82,-8.32,,
2026-03-05T03:15:03+00:00,0,0.1,12.77,,
2026-03-05T03:15:03+00:00,0,0.83,9.89,,
2026-03-05T03:15:03+00:00,0,0.32,7.82,,
2026-03-05T03:15:03+00:00,0,0.02,7.73,,
2026-03-05T03:15:03+00:00,0,0.37,5.04,,
2026-03-05T03:15:03+00:00,0,0.08,8.14,,
2026-03-05T03:15:03+00:00,0,0.01,0.15,,
2026-03-05T03:15:03+00:00,0,0.07,3.28,,
2026-03-05T03:15:03+00:00,0,0.18,10.75,,
2026-03-05T03:15:03+00:00,0,0.31,3.88,,
2026-03-05T03:15:03+00:00,0,1,2.02,,
2026-03-05T03:15:03+00:00,0,0.26,3.02,,
2026-03-05T03:15:03+00:00,0,-0.01,-9.17,,
2026-03-05T03:15:03+00:00,0,0.01,-8.71,,
2026-03-05T03:15:03+00:00,0,0.12,-8.49,,
2026-03-05T03:15:03+00:00,0,0.01,-2.33,,
2026-03-05T03:15:03+00:00,0,0.22,10.93,,
2026-03-05T03:15:03+00:00,0,0.17,-1.47,,
2026-03-05T03:15:03+00:00,0,0.02,-2.35,,
2026-03-05T03:15:03+00:00,0,0.21,1.32,,
2026-03-05T03:15:03+00:00,0,0.18,0.87,,
2026-03-05T03:15:03+00:00,0,0.2,1.53,,
2026-03-05T03:15:03+00:00,0,0.16,-0.55,,
2026-03-05T03:15:03+00:00,0,0.18,4.86,,
2026-03-05T03:15:03+00:00,0,0.27,-1.92,,
2026-03-05T03:15:03+00:00,0,0.54,4.19,,
2026-03-05T03:15:03+00:00,0,0.1,-0.39,,
2026-03-05T03:15:03+00:00,0,0.12,0.69,,
2026-03-05T03:15:03+00:00,0,0.42,-7.57,,
2026-03-05T03:15:03+00:00,0,0.03,10.72,,
2026-03-05T03:15:03+00:00,0,-3.81,-4.51,,
2026-03-05T03:15:03+00:00,0,0.07,8.22,,
2026-03-05T03:15:03+00:00,0,0.63,6.73,,
2026-03-05T03:15:03+00:00,0,0.16,-0.71,,
2026-03-05T03:15:03+00:00,0,0.07,7.75,,
2026-03-05T03:15:03+00:00,0,3.03,-3.92,,
2026-03-05T03:15:03+00:00,0,0.04,-5.5,,
2026-03-05T03:15:03+00:00,0,0.16,5.73,,
2026-03-05T03:15:03+00:00,0,0.99,11.78,,
2026-03-05T03:15:03+00:00,0,0.72,-6.99,,
2026-03-05T03:15:03+00:00,0,0.07,-7.08,,
2026-03-05T03:15:03+00:00,0,0.05,-2.87,,
2026-03-05T03:15:03+00:00,0,0.1,6.41,,
2026-03-05T03:15:03+00:00,0,0.11,-5.46,,
2026-03-05T03:15:03+00:00,0,0.25,-5.75,,
2026-03-05T03:15:03+00:00,0,0.05,-0.26,,
2026-03-05T03:15:03+00:00,0,0.19,1.73,,
2026-03-05T03:15:03+00:00,0,0.01,-8.32,,
2026-03-05T03:15:03+00:00,0,0.1,-7.67,,
2026-03-05T03:15:03+00:00,0,-1.98,-0.89,,
2026-03-05T03:15:03+00:00,0,2.91,-6.71,,
2026-03-05T03:15:03+00:00,0,0.01,3.71,,
2026-03-05T03:15:03+00:00,0,0.06,11.15,,
2026-03-05T03:15:03+00:00,0,0.05,-8.37,,
2026-03-05T03:15:03+00:00,0,0.37,7.36,,
2026-03-05T03:15:03+00:00,0,0.13,4.73,,
2026-03-05T03:15:03+00:00,0,-0.01,-8.31,,
2026-03-05T03:15:03+00:00,0,0.33,-1.04,,
2026-03-05T03:15:03+00:00,0,0.52,0.17,,
2026-03-05T03:15:03+00:00,0,0.15,3.73,,
2026-03-05T03:15:03+00:00,0,0.01,3.72,,
2026-03-05T03:15:03+00:00,0,6.44,-3.8,,
2026-03-05T03:15:03+00:00,0,1.61,-8.32,,
2026-03-05T03:15:03+00:00,0,0.21,-8.7,,
2026-03-05T03:15:03+00:00,0,0.12,-8.83,,
2026-03-05T03:15:03+00:00,0,0.08,1.92,,
2026-03-05T03:15:03+00:00,0,0.21,5.41,,
2026-03-05T03:15:03+00:00,0,0.14,-9.05,,
2026-03-05T03:15:03+00:00,0,0.08,-8.91,,
2026-03-05T03:15:03+00:00,0,0.13,-9.18,,
2026-03-05T03:15:03+00:00,0,0.02,2,,
2026-03-05T03:15:03+00:00,0,0.05,-2.32,,
2026-03-05T03:15:03+00:00,0,0.14,9.75,,
2026-03-05T03:15:03+00:00,0,0.14,-9.18,,
2026-03-05T03:15:03+00:00,0,-0.14,-9.04,,
2026-03-05T03:15:03+00:00,0,0.26,-1.3,,
2026-03-05T03:15:03+00:00,0,0.36,3.35,,
2026-03-05T03:15:03+00:00,0,9.14,-8.32,,
2026-03-05T03:15:03+00:00,0,0.01,-9.18,0,0
2026-03-05T03:15:05+00:00,0,-0.02,-10.58,0,0
2026-03-05T03:15:05+00:00,-1.43,-0.01,-10.6,13,-11.1
2026-03-05T03:15:05+00:00,0,-0.51,-6.01,-2,-3
2026-03-05T03:15:05+00:00,0,-0.37,-6.52,0,0
2026-03-05T03:15:05+00:00,0,-0.15,-10.43,0,0
2026-03-05T03:15:05+00:00,0,-1.23,-7.74,0,0
2026-03-05T03:15:05+00:00,0,-0.01,-7.73,0,0
2026-03-05T03:15:05+00:00,0,-0.7,-7.03,0,0
2026-03-05T03:15:05+00:00,0,-0.61,-9.13,0,1
2026-03-05T03:15:05+00:00,0,-0.07,-6.93,0,0
2026-03-05T03:15:05+00:00,0,-0.09,-8.97,0,0
2026-03-05T03:15:05+00:00,0,-0.06,-9.06,0,0
2026-03-05T03:15:05+00:00,0,-0.03,-7,0,0
2026-03-05T03:15:05+00:00,0,-0.01,-6.89,0,0
2026-03-05T03:15:05+00:00,0,-0.03,-6.9,0,0
2026-03-05T03:15:05+00:00,0,-0.01,-9.12,0,0
2026-03-05T03:15:05+00:00,0,-0.6,-9.74,0,0
2026-03-05T03:15:05+00:00,0,-0.09,-10.34,0,0
2026-03-05T03:15:06+00:00,18.19,-0.01,12.19,-1,4
2026-03-05T03:15:06+00:00,0,0.01,12.18,0,1
2026-03-05T03:15:09+00:00,0,0.17,0.28,0,0
2026-03-05T03:15:09+00:00,0,0.11,-0.23,0,0
2026-03-05T03:15:09+00:00,0,0.06,-0.94,0,0
2026-03-05T03:15:09+00:00,0,-0.01,-0.94,0,0
2026-03-05T03:15:09+00:00,0,0.64,-0.88,0,0
2026-03-05T03:15:09+00:00,0,0.04,0.82,0,0
2026-03-05T03:15:09+00:00,-0.21,-0.01,11.98,-3,1
2026-03-05T03:15:09+00:00,0,0.01,-0.24,0,0
2026-03-05T03:15:09+00:00,0,0.01,0.11,0,0
2026-03-05T03:15:09+00:00,0,0.14,-0.12,0,0
2026-03-05T03:15:09+00:00,0,0.01,-0.95,0,0
2026-03-05T03:15:09+00:00,0,0.08,0.02,0,0
2026-03-05T03:15:09+00:00,0,0.01,0.1,0,0
2026-03-05T03:15:09+00:00,0,0.07,0.12,0,0
2026-03-05T03:15:09+00:00,0,0.37,0.45,0,0
2026-03-05T03:15:09+00:00,0,0.09,0.19,0,0
2026-03-05T03:15:09+00:00,0,0.01,7.37,2,0
2026-03-05T03:15:09+00:00,0,0.11,1.11,0,0
2026-03-05T03:15:09+00:00,0,0.25,7.39,0,0
2026-03-05T03:15:09+00:00,0,1.33,2.9,0,0
2026-03-05T03:15:09+00:00,0,0.02,2.66,0,0
2026-03-05T03:15:09+00:00,0,0.14,4.28,0,0
2026-03-05T03:15:09+00:00,0,0.35,2.28,0,0
2026-03-05T03:15:09+00:00,0,0.14,2.14,0,0
2026-03-05T03:15:09+00:00,0,0.22,2.68,0,0
2026-03-05T03:15:09+00:00,0,0.04,1.22,0,0
2026-03-05T03:15:09+00:00,0,0.43,1.7,-1,0
2026-03-05T03:15:09+00:00,0,0.01,4.42,0,0
2026-03-05T03:15:09+00:00,0,1.16,9.07,0,0
2026-03-05T03:15:09+00:00,0,0.01,9.06,0,0
2026-03-05T03:15:09+00:00,0,0.03,2.63,0,0
2026-03-05T03:15:09+00:00,0,0.01,7.38,0,0
2026-03-05T03:15:09+00:00,0,0.55,5.4,0,0
2026-03-05T03:15:09+00:00,0,0.01,7.36,0,0
2026-03-05T03:15:09+00:00,0,0.31,6.85,0,0
2026-03-05T03:15:09+00:00,0,0.01,2.13,0,0
2026-03-05T03:15:09+00:00,0,0.08,5.32,0,0
2026-03-05T03:15:09+00:00,0,0.33,5.95,0,0
2026-03-05T03:15:09+00:00,0,0.05,4.23,0,0
2026-03-05T03:15:09+00:00,0,0.41,1.29,0,0
2026-03-05T03:15:09+00:00,0,0.44,6.28,0,0
2026-03-05T03:15:09+00:00,0,0.25,0.86,0,0
2026-03-05T03:15:09+00:00,0,1.22,7.64,0,0
2026-03-05T03:15:09+00:00,0,0.2,8.86,0,0
2026-03-05T03:15:09+00:00,0,0.03,1.26,0,0
2026-03-05T03:15:09+00:00,0,0.01,7.35,0,0
2026-03-05T03:15:09+00:00,0,0.16,5.16,0,0
2026-03-05T03:15:09+00:00,0,0.42,10.23,0,0
2026-03-05T03:15:09+00:00,0,0.36,10.65,0,0
2026-03-05T03:15:09+00:00,0,0.06,11.01,0,0
2026-03-05T03:15:09+00:00,0,0.01,11.07,0,0
2026-03-05T03:15:09+00:00,0,0.01,11.08,0,0
2026-03-05T03:15:09+00:00,0,0.73,4.43,0,0
2026-03-05T03:15:09+00:00,0,0.04,11.09,0,0
2026-03-05T03:15:09+00:00,0,0.19,7.16,0,0
2026-03-05T03:15:09+00:00,0,0.13,6.72,0,0
2026-03-05T03:15:09+00:00,0,0.51,11.45,0,0
2026-03-05T03:15:09+00:00,0,0.32,11.13,0,0
2026-03-05T03:15:09+00:00,0,0.01,11.97,0,0
2026-03-05T03:15:09+00:00,0,0.01,11.96,-1,-0.9
2026-03-05T03:15:10+00:00,0.02,0,-0.92,3,-2.1
2026-03-05T03:15:10+00:00,-0.02,0.01,-0.95,-3,3.1
2026-03-05T03:15:11+00:00,6.49,0,5.54,2,-6.1
2026-03-05T03:15:15+00:00,0,-0.01,14.53,0,0
2026-03-05T03:15:15+00:00,0,0.01,12.25,0,0
2026-03-05T03:15:15+00:00,6.71,-0.01,12.26,2,2
2026-03-05T03:15:15+00:00,0,-0.01,14.54,0,0
2026-03-05T03:15:15+00:00,0,-0.02,14.04,0,0
2026-03-05T03:15:15+00:00,0,-0.02,14.02,0,0
2026-03-05T03:15:15+00:00,0,-0.01,13.69,0,0
2026-03-05T03:15:15+00:00,0,-0.3,14,0,0
2026-03-05T03:15:15+00:00,0,-0.01,13.7,2,0
2026-03-05T03:15:15+00:00,0,-0.08,13.68,0,0
2026-03-05T03:15:15+00:00,0,-0.01,13.6,0,0
2026-03-05T03:15:15+00:00,0,-0.08,13.39,0,0
2026-03-05T03:15:15+00:00,0,-0.1,13.18,0,0
2026-03-05T03:15:15+00:00,0,-0.01,12.27,0,0
2026-03-05T03:15:15+00:00,0,-0.81,13.08,-1,-1
2026-03-05T03:15:15+00:00,0,-0.48,14.52,0,0
2026-03-05T03:15:15+00:00,0,-0.04,13.31,0,0
2026-03-05T03:15:15+00:00,0,-0.09,13.27,0,0
2026-03-05T03:15:15+00:00,0,-0.2,13.59,0,0
2026-03-05T03:15:15+00:00,0,-0.01,12.26,0,2
2026-03-05T03:15:16+00:00,0,-1.06,16.72,0,0
2026-03-05T03:15:16+00:00,0,-0.03,15.65,0,0
2026-03-05T03:15:16+00:00,0,-0.6,15.5,0,0
2026-03-05T03:15:16+00:00,0,-0.11,18.54,0,0
2026-03-05T03:15:16+00:00,0,-0.11,17.54,0,0
2026-03-05T03:15:16+00:00,0,-0.07,18.43,0,0
2026-03-05T03:15:16+00:00,0,-0.13,16.96,0,0
2026-03-05T03:15:16+00:00,0,-0.05,17.01,0,0
2026-03-05T03:15:16+00:00,0,-0.08,17.43,0,0
2026-03-05T03:15:16+00:00,0,-0.01,15.66,0,0
2026-03-05T03:15:16+00:00,0,-0.34,17.35,0,0
2026-03-05T03:15:16+00:00,0,-0.11,16.83,0,0
2026-03-05T03:15:16+00:00,0,-0.82,18.36,0,0
2026-03-05T03:15:16+00:00,0,-0.35,14.9,0,0
2026-03-05T03:15:16+00:00,0,0.01,18.6,-1,1
2026-03-05T03:15:16+00:00,0,-0.02,18.61,0,0
2026-03-05T03:15:16+00:00,0,-0.05,18.59,0,0
2026-03-05T03:15:16+00:00,0,-0.12,15.62,0,0
2026-03-05T03:15:16+00:00,0,-0.01,14.55,0,0
2026-03-05T03:15:18+00:00,0,-0.01,18.93,0,0
2026-03-05T03:15:18+00:00,0,-0.23,18.92,0,0
2026-03-05T03:15:18+00:00,0,-0.01,18.69,0,0
2026-03-05T03:15:18+00:00,0,-0.94,19.87,0,0
2026-03-05T03:15:18+00:00,3.14,5.55,18.68,3,-4
2026-03-05T03:15:18+00:00,-3.14,0.01,21.09,-3,0
2026-03-05T03:15:18+00:00,0,-0.14,20.08,0,0
2026-03-05T03:15:18+00:00,0,-0.01,19.88,0,0
2026-03-05T03:15:18+00:00,0,-0.01,22.3,0,0
2026-03-05T03:15:18+00:00,0.07,-5.57,24.24,-4,6
2026-03-05T03:15:18+00:00,0,-0.16,24.23,0,0
2026-03-05T03:15:18+00:00,0,-0.78,24,0,0
2026-03-05T03:15:18+00:00,0,-0.33,23.13,0,0
2026-03-05T03:15:18+00:00,0,-0.07,24.07,0,0
2026-03-05T03:15:18+00:00,0,0.01,24.23,0,0
2026-03-05T03:15:18+00:00,0,-0.01,22.31,0,0
2026-03-05T03:15:18+00:00,0,-0.2,22.51,0,0
2026-03-05T03:15:18+00:00,0,-0.03,20.67,0,0
2026-03-05T03:15:18+00:00,0,-0.1,20.77,0,0
2026-03-05T03:15:18+00:00,0,-0.53,21.45,0,0
2026-03-05T03:15:18+00:00,0,-0.78,22.23,0,0
2026-03-05T03:15:18+00:00,0,-0.01,22.24,0,0
2026-03-05T03:15:18+00:00,0,-0.01,20.92,0,0
2026-03-05T03:15:18+00:00,0,-0.04,22.29,0,0
2026-03-05T03:15:18+00:00,0,-0.29,22.8,0,0
2026-03-05T03:15:18+00:00,0,-0.01,24.24,0,0
2026-03-05T03:15:18+00:00,0,-0.09,23.22,0,0
2026-03-05T03:15:18+00:00,0,-0.14,20.91,0,0
2026-03-05T03:15:18+00:00,0,-0.01,22.25,0,0
2026-03-05T03:15:18+00:00,0,-0.21,20.64,0,0
2026-03-05T03:15:18+00:00,0,-0.05,20.43,0,0
2026-03-05T03:15:18+00:00,0,-0.24,20.32,0,0
2026-03-05T03:15:18+00:00,0,-0.06,20.38,0,0
2026-03-05T03:15:18+00:00,0,-0.06,19.94,0,0
2026-03-05T03:15:19+00:00,-3.14,-0.01,21.1,-3,5
2026-03-05T03:15:19+00:00,0,-0.01,21.1,0,0
2026-03-05T03:15:19+00:00,0,0.01,21.09,0,0
2026-03-05T03:15:20+00:00,-0.98,0.01,20.11,-1,-1
2026-03-05T03:15:22+00:00,-1.72,-0.01,18.4,1,1
2026-03-05T03:15:23+00:00,0,-0.11,15.26,0,0
2026-03-05T03:15:23+00:00,0,-0.04,15.15,0,0
2026-03-05T03:15:23+00:00,0,-0.01,15.11,0,0
2026-03-05T03:15:23+00:00,0,-0.06,15.1,0,0
2026-03-05T03:15:23+00:00,0,-0.14,16.33,0,0
2026-03-05T03:15:23+00:00,0,-0.15,16.19,0,0
2026-03-05T03:15:23+00:00,-3.37,-0.01,15.04,0,-1
2026-03-05T03:15:23+00:00,0,-0.01,16.04,0,0
2026-03-05T03:15:23+00:00,0,-0.06,16.03,0,0
2026-03-05T03:15:23+00:00,0,-0.15,15.97,0,0
2026-03-05T03:15:23+00:00,0,-0.56,15.82,-1,0.1
2026-03-05T03:15:24+00:00,-0.82,-0.01,15.52,0,0
2026-03-05T03:15:24+00:00,0,0.01,16.33,0,0
2026-03-05T03:15:24+00:00,0,-1.18,16.91,0,0
2026-03-05T03:15:24+00:00,0,-0.19,17.46,0,0
2026-03-05T03:15:24+00:00,0,-0.05,17.75,0,0
2026-03-05T03:15:24+00:00,0,-0.05,17.7,0,0
2026-03-05T03:15:24+00:00,-0.82,-1.76,17.27,0,0
2026-03-05T03:15:24+00:00,0,-0.01,15.53,0,0
2026-03-05T03:15:24+00:00,0,-0.2,15.73,0,0
2026-03-05T03:15:24+00:00,0,-0.19,17.65,0,0
2026-03-05T03:15:24+00:00,0.82,1.39,16.34,0,0
2026-03-05T03:15:25+00:00,0,-0.17,18.32,0,0
2026-03-05T03:15:25+00:00,0,-0.59,20.28,0,0
2026-03-05T03:15:25+00:00,0,-0.01,20.3,0,0
2026-03-05T03:15:25+00:00,0,-0.11,17.87,0,0
2026-03-05T03:15:25+00:00,0,-0.01,20.46,0,0
2026-03-05T03:15:25+00:00,0,-0.01,21.17,0,0
2026-03-05T03:15:25+00:00,0,-0.04,21.15,0,0
2026-03-05T03:15:25+00:00,0,-0.57,21.05,0,0
2026-03-05T03:15:25+00:00,0,-0.02,20.48,0,0
2026-03-05T03:15:25+00:00,0,-0.05,20.45,0,0
2026-03-05T03:15:25+00:00,0,-0.01,20.4,0,0
2026-03-05T03:15:25+00:00,0,-0.01,21.16,0,0
2026-03-05T03:15:25+00:00,0,-0.01,17.76,-2,2.9
2026-03-05T03:15:25+00:00,0,-0.01,20.38,1,0
2026-03-05T03:15:25+00:00,0,-0.07,20.37,0,0
2026-03-05T03:15:25+00:00,0,-0.01,19.67,0,0
2026-03-05T03:15:25+00:00,0,-0.92,19.66,0,0
2026-03-05T03:15:25+00:00,0,-0.01,20.29,0,0
2026-03-05T03:15:25+00:00,0,-0.01,20.39,0,0
2026-03-05T03:15:25+00:00,0,-0.02,19.69,0,0
2026-03-05T03:15:25+00:00,0,-1.28,22.45,0,0
2026-03-05T03:15:25+00:00,0,-0.1,18.74,0,0
2026-03-05T03:15:25+00:00,0,-0.32,18.64,0,0
2026-03-05T03:15:25+00:00,0,-0.1,18.15,0,0
2026-03-05T03:15:25+00:00,0,-0.06,21.11,0,0
2026-03-05T03:15:25+00:00,0,-0.03,17.92,0,0
2026-03-05T03:15:25+00:00,0,-0.13,18.05,0,0
2026-03-05T03:15:25+00:00,0,-0.01,17.89,0,0
2026-03-05T03:15:25+00:00,0,-0.01,17.88,0,0
2026-03-05T03:15:26+00:00,-0.8,-0.01,21.66,-2,0
2026-03-05T03:15:27+00:00,-3.8,0.01,17.85,1,0
2026-03-05T03:15:29+00:00,0,0.26,2.75,0,0
2026-03-05T03:15:29+00:00,0,0.02,3.01,0,0
2026-03-05T03:15:29+00:00,-2.42,0.01,15.42,-0.9,0.1
2026-03-05T03:15:29+00:00,0,0.48,3.4,0,0
2026-03-05T03:15:29+00:00,0,0.33,3.88,0,0
2026-03-05T03:15:29+00:00,0,0.16,10.47,0,0
2026-03-05T03:15:29+00:00,0,0.06,3.03,0,0
2026-03-05T03:15:29+00:00,0,1.82,4.56,0,0
2026-03-05T03:15:29+00:00,0,0.21,4.21,0,0
2026-03-05T03:15:29+00:00,0,0.97,7.44,0,0
2026-03-05T03:15:29+00:00,0,0.01,10.34,0,0
2026-03-05T03:15:29+00:00,0,0.13,10.14,0,0
2026-03-05T03:15:29+00:00,0,0.07,10.27,0,0
2026-03-05T03:15:29+00:00,0,0.01,10.13,0,0
2026-03-05T03:15:29+00:00,0,0.14,4.42,0,0
2026-03-05T03:15:29+00:00,0,0.01,10.35,0,0
2026-03-05T03:15:29+00:00,0,0.1,10.36,0,0
2026-03-05T03:15:29+00:00,0,0.01,10.46,0,0
2026-03-05T03:15:29+00:00,0,0.08,7.21,0,0
2026-03-05T03:15:29+00:00,0,0.49,6.38,0,0
2026-03-05T03:15:29+00:00,0,0.01,10.63,0,0
2026-03-05T03:15:29+00:00,0,1.72,8.41,0,0
2026-03-05T03:15:29+00:00,0,0.02,10.65,0,0
2026-03-05T03:15:29+00:00,0,0.34,6.87,0,0
2026-03-05T03:15:29+00:00,0,0.01,10.64,0,0
2026-03-05T03:15:29+00:00,0,0.15,7.29,0,0
2026-03-05T03:15:29+00:00,0,0.02,10.68,0,0
2026-03-05T03:15:29+00:00,0,0.01,10.67,0,0
2026-03-05T03:15:29+00:00,0.02,0.01,10.73,0,0
2026-03-05T03:15:29+00:00,0,0.03,10.7,0,0
2026-03-05T03:15:29+00:00,0,0.07,10.74,0,0
2026-03-05T03:15:29+00:00,0,0.01,10.72,0,0
2026-03-05T03:15:29+00:00,0,0.74,10.81,0,0
2026-03-05T03:15:29+00:00,0,0.01,13.3,0,0
2026-03-05T03:15:29+00:00,0,0.57,13.31,0,0
2026-03-05T03:15:29+00:00,0,0.13,13.89,0,0
2026-03-05T03:15:29+00:00,0,0.01,13.88,0,0
2026-03-05T03:15:29+00:00,0,0.66,12.64,0,0
2026-03-05T03:15:29+00:00,0,0.05,14.09,0,0
2026-03-05T03:15:29+00:00,0,0.31,3.09,0,0
2026-03-05T03:15:29+00:00,0,0.07,14.02,0,0
2026-03-05T03:15:29+00:00,0,0.01,10.73,0,0
2026-03-05T03:15:29+00:00,0,0.93,11.55,0,0
2026-03-05T03:15:29+00:00,0,0.16,12.48,0,0
2026-03-05T03:15:29+00:00,0,1.28,14.14,0,0
2026-03-05T03:15:30+00:00,0,0.29,-0.06,0,0
2026-03-05T03:15:30+00:00,0,0.46,2.29,0,0
2026-03-05T03:15:30+00:00,0,0.1,2.01,0,0
2026-03-05T03:15:30+00:00,0,0.18,2.11,0,0
2026-03-05T03:15:30+00:00,0,0.01,0.23,0,0
2026-03-05T03:15:30+00:00,0,0.18,1.4,0,0
2026-03-05T03:15:30+00:00,0,0.23,0.24,0,0
2026-03-05T03:15:30+00:00,0,0.1,0.47,0,0
2026-03-05T03:15:30+00:00,0,0.03,1.64,0,0
2026-03-05T03:15:30+00:00,0,0.83,0.57,0,0
2026-03-05T03:15:30+00:00,0,0.06,1.58,0,0
2026-03-05T03:15:30+00:00,0,0.34,1.67,0,0
2026-03-05T03:15:30+00:00,0,0.01,-0.07,0,0
2026-03-05T03:15:31+00:00,0.63,-0.01,0.57,2.9,-4.1
2026-03-05T03:15:32+00:00,0,-0.01,2.88,1,0
2026-03-05T03:15:32+00:00,2.31,0.01,2.87,1,-1
2026-03-05T03:15:33+00:00,8.92,0,11.8,0,2
2026-03-05T03:15:33+00:00,-1.15,0.01,10.64,1,0
2026-03-05T03:15:35+00:00,0,-0.01,12.25,0,0
2026-03-05T03:15:35+00:00,1.6,0,12.24,-1,-0.9
2026-03-05T03:15:36+00:00,-0.03,0.01,12.21,0,-1.1
2026-03-05T03:15:37+00:00,0,-7.1,19.31,0.1,0.1
2026-03-05T03:15:37+00:00,0,-0.06,20.72,0,0
2026-03-05T03:15:37+00:00,-0.48,-0.56,19.8,0,0
2026-03-05T03:15:37+00:00,0,-0.06,19.63,0,0
2026-03-05T03:15:37+00:00,0,-0.01,18.66,0,0
2026-03-05T03:15:37+00:00,0,-0.01,19.64,0,0
2026-03-05T03:15:37+00:00,0,-0.01,19.34,0,0
2026-03-05T03:15:37+00:00,0,-0.01,12.75,0,0
2026-03-05T03:15:37+00:00,0,-0.65,19.32,0,0
2026-03-05T03:15:37+00:00,0,-0.19,17.5,0,0
2026-03-05T03:15:37+00:00,0,-0.13,16.16,0,0
2026-03-05T03:15:37+00:00,0,-0.47,14.33,0,0
2026-03-05T03:15:37+00:00,0,-0.25,13,0,0
2026-03-05T03:15:37+00:00,0,-0.01,13.86,0,0
2026-03-05T03:15:37+00:00,0,-0.01,12.23,0,0
2026-03-05T03:15:37+00:00,0,-0.01,14.34,0,0
2026-03-05T03:15:37+00:00,0,-0.01,12.74,0,0
2026-03-05T03:15:37+00:00,0,-0.43,12.73,0,0
2026-03-05T03:15:37+00:00,0,-0.84,15.68,0,0
2026-03-05T03:15:37+00:00,0,-0.5,14.84,0,0
2026-03-05T03:15:37+00:00,0,-0.01,12.3,0,0
2026-03-05T03:15:37+00:00,0,-0.35,16.03,0,0
2026-03-05T03:15:37+00:00,0,-0.04,12.29,0,0
2026-03-05T03:15:37+00:00,0,-0.73,17.31,0,0
2026-03-05T03:15:37+00:00,0,-0.42,16.58,0,0
2026-03-05T03:15:37+00:00,0,-0.18,18.23,0,0
2026-03-05T03:15:37+00:00,0,-0.42,18.65,0,0
2026-03-05T03:15:37+00:00,0,-0.55,18.05,0,0
2026-03-05T03:15:37+00:00,0,-0.01,19.33,0,0
2026-03-05T03:15:37+00:00,0,-0.01,12.25,0,0
2026-03-05T03:15:37+00:00,0,-0.01,19.35,0,0
2026-03-05T03:15:37+00:00,0,-0.01,18.67,0,0
2026-03-05T03:15:37+00:00,0,-0.85,13.85,0,0
2026-03-05T03:15:37+00:00,0,-0.21,19.57,0,0
2026-03-05T03:15:37+00:00,0,-0.01,19.65,0,0
2026-03-05T03:15:37+00:00,0,-0.01,19.36,0,0
2026-03-05T03:15:37+00:00,0,-0.86,20.66,0,0
2026-03-05T03:15:37+00:00,0,-0.07,19.72,0,0
2026-03-05T03:15:37+00:00,0,7.09,12.22,0,0
2026-03-05T03:15:37+00:00,0,-0.01,12.24,0,0
2026-03-05T03:15:38+00:00,0,0,20.72,-3.1,3.9
2026-03-05T03:15:38+00:00,0,-0.01,20.73,4,-3
2026-03-05T03:15:43+00:00,-8.1,0,12.63,-3,1
2026-03-05T03:15:44+00:00,0.67,0.01,13.29,0.1,0.1
2026-03-05T03:15:45+00:00,0,-0.01,13.3,0,0
2026-03-05T03:15:45+00:00,0,0.01,13.29,0.9,0.9
2026-03-05T03:15:51+00:00,0.2,-0.01,14.24,0,0
2026-03-05T03:15:51+00:00,0.74,0,14.03,-0.9,-0.9
2026-03-05T03:15:51+00:00,0,0.01,14.23,0,0
2026-03-05T03:15:51+00:00,-0.2,-0.01,14.04,0.9,0.9
2026-03-05T03:15:53+00:00,0,-0.01,14.7,0,-0.1
2026-03-05T03:15:53+00:00,0.66,0.01,14.69,-0.9,-0.9
2026-03-05T03:15:57+00:00,-0.09,0.01,13.97,0.9,-1.1
2026-03-05T03:15:57+00:00,-0.63,0,14.07,0,0.1
2026-03-05T03:15:57+00:00,0,-0.01,13.98,0,0
2026-03-05T03:15:58+00:00,0,0.13,3.7,0,0
2026-03-05T03:15:58+00:00,0,0.03,2.71,0,0
2026-03-05T03:15:58+00:00,0,0.51,4.74,0,0
2026-03-05T03:15:58+00:00,0,0.02,3.16,0,0
2026-03-05T03:15:58+00:00,0,0.52,3.18,0,0
2026-03-05T03:15:58+00:00,0,0.43,8.93,0,0
2026-03-05T03:15:58+00:00,0,0.01,4.14,0,0
2026-03-05T03:15:58+00:00,0,0.3,4.26,0,0
2026-03-05T03:15:58+00:00,0,0.01,5.25,0,0
2026-03-05T03:15:58+00:00,0,0.14,13.82,0,0
2026-03-05T03:15:58+00:00,0,0.01,4.71,0,0
2026-03-05T03:15:58+00:00,0,0.02,4.72,0,0
2026-03-05T03:15:58+00:00,0,0.01,5.26,0,0
2026-03-05T03:15:58+00:00,0,0.18,6.18,0,0
2026-03-05T03:15:58+00:00,0,0.91,5.27,0,0
2026-03-05T03:15:58+00:00,0,1.12,6.42,0,0
2026-03-05T03:15:58+00:00,-0.27,0.24,8.18,0,0
2026-03-05T03:15:58+00:00,0,0.64,7.54,0,0
2026-03-05T03:15:58+00:00,0,-0.01,8.83,0,0
2026-03-05T03:15:58+00:00,0,0.63,10.88,0,0
2026-03-05T03:15:58+00:00,0,0.01,8.81,0,0
2026-03-05T03:15:58+00:00,0,0.12,8.69,-0.9,-0.9
2026-03-05T03:15:58+00:00,0,0.05,8.88,0,0
2026-03-05T03:15:58+00:00,0,0.01,8.82,0,0
2026-03-05T03:15:58+00:00,0,0.01,13.96,0,0
2026-03-05T03:15:58+00:00,0,0.05,8.83,0,0
2026-03-05T03:15:58+00:00,0,0.36,11.51,0,0
2026-03-05T03:15:58+00:00,0,1.52,9.36,0,0
2026-03-05T03:15:58+00:00,0,0.06,6.36,0,0
2026-03-05T03:15:58+00:00,0,0.01,8.82,0,0
2026-03-05T03:15:58+00:00,0,0.01,11.87,0,0
2026-03-05T03:15:58+00:00,0,0.01,12.09,0.9,0
2026-03-05T03:15:58+00:00,0,0.15,4.56,0,0
2026-03-05T03:15:58+00:00,0,0.01,12.08,0,0
2026-03-05T03:15:58+00:00,0,0.06,12.34,0,0
2026-03-05T03:15:58+00:00,0,0.64,12.4,0,0
2026-03-05T03:15:58+00:00,0,0.02,13.04,0,0
2026-03-05T03:15:58+00:00,0,0.11,4.15,0,0
2026-03-05T03:15:58+00:00,0,0.65,13.06,0,0
2026-03-05T03:15:58+00:00,0,0.08,13.71,0,0
2026-03-05T03:15:58+00:00,0,0.31,3.83,0,0
2026-03-05T03:15:58+00:00,0,0.24,12.1,0,0
2026-03-05T03:15:58+00:00,0,0.19,11.88,0,0
2026-03-05T03:15:58+00:00,0,0.01,12.07,0,0
2026-03-05T03:15:58+00:00,0,0.35,2.81,0,0
2026-03-05T03:15:58+00:00,0,0.01,13.97,0.1,1
2026-03-05T03:15:58+00:00,0,0.03,13.79,0,0
2026-03-05T03:15:58+00:00,0,0.07,2.74,0,0
2026-03-05T03:15:59+00:00,0,0.39,2.32,0,-1.1
2026-03-05T03:16:00+00:00,6.57,0.01,8.88,2.9,-4
2026-03-05T03:16:01+00:00,0,-0.01,8.89,1,2
2026-03-05T03:16:01+00:00,0,-0.01,8.89,1,0
2026-03-05T03:16:01+00:00,0,0.01,8.88,0,-1
2026-03-05T03:16:03+00:00,0,-0.01,11.76,0,0
2026-03-05T03:16:03+00:00,2.87,0.01,11.75,0,0
2026-03-05T03:16:04+00:00,0,-0.01,11.76,0.1,0
2026-03-05T03:16:04+00:00,0,-0.01,11.76,0,0
2026-03-05T03:16:04+00:00,0,0.01,11.75,-2,1
2026-03-05T03:16:04+00:00,0,0.01,11.75,0.9,1
2026-03-05T03:16:05+00:00,-0.39,0.01,11.36,-0.9,-0.9
2026-03-05T03:16:06+00:00,0,-0.01,11.91,0,0
2026-03-05T03:16:06+00:00,0,-0.01,11.9,0,0
2026-03-05T03:16:06+00:00,0,-0.01,12.14,0,0
2026-03-05T03:16:06+00:00,0,-1.58,11.89,0,0
2026-03-05T03:16:06+00:00,0,-0.4,14.1,0,0
2026-03-05T03:16:06+00:00,0,-0.01,13.7,0,0
2026-03-05T03:16:06+00:00,0,-0.01,10.31,0,0
2026-03-05T03:16:06+00:00,0,-0.08,13.69,0,0
2026-03-05T03:16:06+00:00,0,-0.38,13.61,0,0
2026-03-05T03:16:06+00:00,0,-0.47,13.23,0,0
2026-03-05T03:16:06+00:00,0,-0.29,12.76,0,0
2026-03-05T03:16:06+00:00,0,-0.01,12.47,0,0
2026-03-05T03:16:06+00:00,0,-0.01,12.46,0,0
2026-03-05T03:16:06+00:00,0,-0.31,12.45,0,0
2026-03-05T03:16:06+00:00,-1.07,-0.01,10.3,0,0
2026-03-05T03:16:06+00:00,0,-0.22,12.13,0,0
2026-03-05T03:16:06+00:00,0,-0.24,14.34,0,0
2026-03-05T03:16:09+00:00,-1.54,0,12.8,-0.1,1.9
2026-03-05T03:16:09+00:00,1.11,0.01,13.9,-0.9,-0.9
2026-03-05T03:16:11+00:00,-1.17,-0.02,12.75,0,0
2026-03-05T03:16:11+00:00,0,-0.01,12.76,0,0
2026-03-05T03:16:11+00:00,0,-0.47,17.4,0,0
2026-03-05T03:16:11+00:00,0,-0.01,12.75,0,0
2026-03-05T03:16:11+00:00,0,-0.01,18.13,0,0
2026-03-05T03:16:11+00:00,0,-0.72,18.12,0,0
2026-03-05T03:16:11+00:00,0,0.01,12.74,0,0
2026-03-05T03:16:11+00:00,0,-0.54,15.58,0,0
2026-03-05T03:16:11+00:00,0,-0.09,15.04,0,0
2026-03-05T03:16:11+00:00,0,-0.1,14.95,0,0
2026-03-05T03:16:11+00:00,0,-0.05,14.85,0,0
2026-03-05T03:16:11+00:00,0,-0.03,14.8,0,0
2026-03-05T03:16:11+00:00,0,-0.01,14.77,0,0
2026-03-05T03:16:11+00:00,0,-0.2,14.76,0,0
2026-03-05T03:16:11+00:00,0,-0.05,14.56,0,0
2026-03-05T03:16:11+00:00,0,-0.44,14.51,0,0
2026-03-05T03:16:11+00:00,0,-0.28,14.07,0,0
2026-03-05T03:16:11+00:00,0,-1.35,16.93,0,0
2026-03-05T03:16:11+00:00,0,-0.15,13.79,0,0
2026-03-05T03:16:11+00:00,0,-0.01,13.64,0,0
2026-03-05T03:16:11+00:00,0,-0.29,13.63,0,0
2026-03-05T03:16:11+00:00,0,-0.58,13.34,0,0
2026-03-05T03:16:14+00:00,-1.16,-0.01,14.38,1,0.9
2026-03-05T03:16:14+00:00,-2.59,0.01,15.53,-4.1,4
2026-03-05T03:16:15+00:00,0,0.01,14.37,0,0
2026-03-05T03:16:15+00:00,0,-0.01,14.38,0,0
2026-03-05T03:16:16+00:00,-0.56,0.01,13.81,-0.9,-1
2026-03-05T03:16:18+00:00,0,-0.01,13.86,0.9,0
2026-03-05T03:16:18+00:00,-0.07,0.01,13.85,0,0
2026-03-05T03:16:18+00:00,0.11,-0.01,13.93,0,0.1
2026-03-05T03:16:19+00:00,0,-0.01,13.77,0,0
2026-03-05T03:16:19+00:00,-0.09,0.01,13.76,-0.9,0
2026-03-05T03:16:20+00:00,-0.22,0.01,13.54,0.9,0
2026-03-05T03:16:21+00:00,0,0.01,13.65,0,0
2026-03-05T03:16:21+00:00,0.11,-0.01,13.66,-0.9,0
2026-03-05T03:16:22+00:00,0.33,-0.01,13.99,2.9,-3.1
2026-03-05T03:16:23+00:00,0,0.01,13.98,0.1,0
2026-03-05T03:16:23+00:00,2.72,-0.01,16.71,0.9,0
2026-03-05T03:16:23+00:00,0,0.01,16.7,0,0
2026-03-05T03:16:26+00:00,-1.83,-0.01,14.88,-1.9,1.1
2026-03-05T03:16:27+00:00,-0.37,0.01,14.5,0,-0.1
2026-03-05T03:16:27+00:00,0,-0.01,14.51,0,0
2026-03-05T03:16:29+00:00,0,0.01,15.68,-0.9,-0.1
2026-03-05T03:16:29+00:00,1.18,0,15.69,1.9,-0.9
2026-03-05T03:16:32+00:00,-0.72,0,14.96,0.9,0.1
2026-03-05T03:16:34+00:00,0,0.22,9.75,0,0
2026-03-05T03:16:34+00:00,0,0.36,14.64,0,0
2026-03-05T03:16:34+00:00,0,0.06,15,0,0
2026-03-05T03:16:34+00:00,0.11,0.01,15.06,0.1,-1
2026-03-05T03:16:34+00:00,0,0.01,9.97,0,0
2026-03-05T03:16:34+00:00,0,0.01,9.69,0,0
2026-03-05T03:16:34+00:00,0,0.03,6.19,0,0
2026-03-05T03:16:34+00:00,0,0.01,9.7,0,0
2026-03-05T03:16:34+00:00,0,0.04,9.71,0,0
2026-03-05T03:16:34+00:00,0,0.01,14.63,0,0
2026-03-05T03:16:34+00:00,0,0.76,10.57,0,0
2026-03-05T03:16:34+00:00,0,0.05,11.33,0,0
2026-03-05T03:16:34+00:00,0,0.01,11.38,0,0
2026-03-05T03:16:34+00:00,0,0.11,11.4,0,0
2026-03-05T03:16:34+00:00,0,0.05,11.51,0,0
2026-03-05T03:16:34+00:00,0,0.43,11.56,0,0
2026-03-05T03:16:34+00:00,0,0.07,5.31,0,0
2026-03-05T03:16:34+00:00,0,0.37,5.38,0,0
2026-03-05T03:16:34+00:00,0,0.13,5.75,0,0
2026-03-05T03:16:34+00:00,0,0.01,5.88,0,0
2026-03-05T03:16:34+00:00,0,0.01,5.89,0,0
2026-03-05T03:16:34+00:00,0,0.29,5.9,0,0
2026-03-05T03:16:34+00:00,0,0.41,6.22,0,0
2026-03-05T03:16:34+00:00,0,0.04,6.63,0,0
2026-03-05T03:16:34+00:00,0,0.01,6.67,0,0
2026-03-05T03:16:34+00:00,0,0.39,6.68,0,0
2026-03-05T03:16:34+00:00,0,1.31,7.07,0,0
2026-03-05T03:16:34+00:00,0,0.78,8.38,0,0
2026-03-05T03:16:34+00:00,-0.58,-7.26,11.99,-1.9,1.1
2026-03-05T03:16:34+00:00,0,0.99,9.16,0,0
2026-03-05T03:16:34+00:00,0,0.1,10.15,0,0
2026-03-05T03:16:34+00:00,0,0.01,10.25,0,0
2026-03-05T03:16:34+00:00,0,0.01,11.39,0,0
2026-03-05T03:16:34+00:00,0.58,3,10.26,1.9,-1.1
2026-03-05T03:16:34+00:00,0,0.01,12.68,0,0
2026-03-05T03:16:34+00:00,0,0.31,12.69,0,0
2026-03-05T03:16:34+00:00,0,0.59,9.98,0,0
2026-03-05T03:16:34+00:00,0,0.21,13,0,0
2026-03-05T03:16:34+00:00,0,0.11,13.21,0,0
2026-03-05T03:16:34+00:00,0,0.01,13.32,0,0
2026-03-05T03:16:34+00:00,0,1.28,13.33,0,0
2026-03-05T03:16:34+00:00,0,0.01,14.61,0,0
2026-03-05T03:16:34+00:00,0,0.01,14.62,0,0
2026-03-05T03:16:35+00:00,0.58,5.03,5.24,1.9,-1.1
2026-03-05T03:16:35+00:00,0,0.02,-10.79,0,0
2026-03-05T03:16:35+00:00,0,0.01,-10.86,0,0
2026-03-05T03:16:35+00:00,0.04,-13.84,2.99,1,0
2026-03-05T03:16:35+00:00,0,0.68,4.56,0,0
2026-03-05T03:16:35+00:00,0,0.06,-10.85,0,0
2026-03-05T03:16:35+00:00,0,0.19,-10.57,0,0
2026-03-05T03:16:35+00:00,0,0.32,-10.38,0,0
2026-03-05T03:16:35+00:00,0,0.08,-10.06,0,0
2026-03-05T03:16:35+00:00,0,0.68,-9.97,0,0
2026-03-05T03:16:35+00:00,0,0.13,-9.29,0,0
2026-03-05T03:16:35+00:00,0,0.13,-9.16,0,0
2026-03-05T03:16:35+00:00,0,0.76,-8.79,0,0
2026-03-05T03:16:35+00:00,0,0.14,-8.03,0,0
2026-03-05T03:16:35+00:00,0,0.57,-7.89,0,0
2026-03-05T03:16:35+00:00,0,0.22,-7.32,0,0
2026-03-05T03:16:35+00:00,0,0.31,-7.1,0,0
2026-03-05T03:16:35+00:00,0,0.2,-6.79,0,0
2026-03-05T03:16:35+00:00,0,0.35,-6.59,0,0
2026-03-05T03:16:35+00:00,0,0.03,-6.14,0,0
2026-03-05T03:16:35+00:00,0,1.1,-6.11,0,0
2026-03-05T03:16:35+00:00,0,0.01,-5.01,0,0
2026-03-05T03:16:35+00:00,0,0.01,-4.95,0,0
2026-03-05T03:16:35+00:00,0,0.06,-4.94,0,0
2026-03-05T03:16:35+00:00,0,0.01,-4.88,0,0
2026-03-05T03:16:35+00:00,0,0.07,-4.86,0,0
2026-03-05T03:16:35+00:00,0,0.02,-4.79,0,0
2026-03-05T03:16:35+00:00,0,0.02,-4.77,0,0
2026-03-05T03:16:35+00:00,0,0.12,-4.75,0,0
2026-03-05T03:16:35+00:00,0,0.11,-4.63,0,0
2026-03-05T03:16:35+00:00,0,0.04,-4.52,0,0
2026-03-05T03:16:35+00:00,0,0.19,-4.48,0,0
2026-03-05T03:16:35+00:00,0,0.01,-4.03,0,0
2026-03-05T03:16:35+00:00,0,0.01,-4.02,0,0
2026-03-05T03:16:35+00:00,0,0.72,-4.01,0,0
2026-03-05T03:16:35+00:00,0,0.01,-3.29,0,0
2026-03-05T03:16:35+00:00,0,0.03,-3.28,0,0
2026-03-05T03:16:35+00:00,0,0.43,-3.25,0,0
2026-03-05T03:16:35+00:00,0,0.01,-2.82,0,0
2026-03-05T03:16:35+00:00,0,0.01,-2.81,0,0
2026-03-05T03:16:35+00:00,0,0.01,-2.8,0,0
2026-03-05T03:16:35+00:00,0,0.26,-4.29,0,0
2026-03-05T03:16:35+00:00,0,0.01,-2.79,0,0
2026-03-05T03:16:35+00:00,0,0.29,-2.78,0,0
2026-03-05T03:16:35+00:00,0,0.39,-2.49,0,0
2026-03-05T03:16:35+00:00,0,0.09,-2.1,0,0
2026-03-05T03:16:35+00:00,0,0.02,-2.01,0,0
2026-03-05T03:16:35+00:00,0,0.1,-1.99,0,0
2026-03-05T03:16:35+00:00,0,0.33,-1.89,0,0
2026-03-05T03:16:35+00:00,0,0.01,-4.87,-1,0
2026-03-05T03:16:35+00:00,0,0.49,-1.56,0,0
2026-03-05T03:16:35+00:00,0,0.02,-1.07,0,0
2026-03-05T03:16:35+00:00,0,0.26,-1.05,0,0
2026-03-05T03:16:35+00:00,0,0.05,-5,0,0
2026-03-05T03:16:35+00:00,0,0.19,-0.79,0,0
2026-03-05T03:16:35+00:00,0,1.29,-0.6,0,0
2026-03-05T03:16:35+00:00,0,0.34,0.69,0,0
2026-03-05T03:16:35+00:00,0,0.1,-6.24,0,0
2026-03-05T03:16:35+00:00,0,0.14,1.03,0,0
2026-03-05T03:16:35+00:00,0,0.04,1.17,0,0
2026-03-05T03:16:35+00:00,0,0.04,1.21,0,0
2026-03-05T03:16:35+00:00,0,0.16,1.25,0,0
2026-03-05T03:16:35+00:00,0,0.64,1.41,0,0
2026-03-05T03:16:35+00:00,0,0.29,2.05,0,0
2026-03-05T03:16:35+00:00,0,0.63,2.34,0,0
2026-03-05T03:16:35+00:00,0,0.24,-9.03,0,0
2026-03-05T03:16:35+00:00,0,0.02,2.97,0,0
2026-03-05T03:16:35+00:00,-0.04,14.06,-10.89,-1,0
2026-03-05T03:16:35+00:00,0,0.17,3.21,0,0
2026-03-05T03:16:35+00:00,0,0.01,-9.98,0,0
2026-03-05T03:16:35+00:00,0,0.59,3.38,0,0
2026-03-05T03:16:35+00:00,0,0.01,3.97,0,0
2026-03-05T03:16:35+00:00,0,0.01,3.98,0,0
2026-03-05T03:16:35+00:00,0,0.2,-10.77,0,0
2026-03-05T03:16:35+00:00,0,0.02,3.99,1,0
2026-03-05T03:16:35+00:00,0,0.04,4.01,-1,0
2026-03-05T03:16:35+00:00,0,0.13,4.05,0,0
2026-03-05T03:16:35+00:00,0,0.38,4.18,0,0
2026-03-05T03:16:38+00:00,20.29,0,9.43,4,-3
2026-03-05T03:16:39+00:00,0.62,-0.01,10.06,0,1
2026-03-05T03:16:41+00:00,-0.47,0.01,9.58,0,0
2026-03-05T03:16:41+00:00,0.05,-0.01,9.64,0,1
2026-03-05T03:16:43+00:00,-0.49,-0.01,9.15,0,0.1
2026-03-05T03:16:43+00:00,0,0.01,9.63,-0.9,-2
2026-03-05T03:16:45+00:00,-0.61,0.01,8.53,1.9,-0.1
2026-03-05T03:16:46+00:00,0.44,-0.01,8.98,0,-1
2026-03-05T03:16:46+00:00,0,0.01,8.97,0,0
2026-03-05T03:16:47+00:00,-0.04,-0.01,8.94,1,0
2026-03-05T03:16:47+00:00,0,0.01,8.93,-1,0
2026-03-05T03:16:48+00:00,0,-0.01,8.96,0,0
2026-03-05T03:16:48+00:00,0,-0.01,8.95,0,0
2026-03-05T03:16:48+00:00,0,-0.58,9.54,0,0
2026-03-05T03:16:48+00:00,0,-0.01,8.94,0.1,-1
2026-03-05T03:16:48+00:00,0,-0.24,17.01,0,0
2026-03-05T03:16:48+00:00,0,-0.17,12.96,0,0
2026-03-05T03:16:48+00:00,0,-0.01,16.71,0,0
2026-03-05T03:16:48+00:00,0,-0.01,16.7,0,1
2026-03-05T03:16:48+00:00,0,-0.31,16.69,0,0
2026-03-05T03:16:48+00:00,0,-0.44,15.5,0,0
2026-03-05T03:16:48+00:00,0,-0.06,15.06,0,0
2026-03-05T03:16:48+00:00,0,-1.27,15,0,0
2026-03-05T03:16:48+00:00,0,-0.01,13.72,0,0
2026-03-05T03:16:48+00:00,0,-0.31,13.71,0,0
2026-03-05T03:16:48+00:00,0,-0.03,13.4,0,0
2026-03-05T03:16:48+00:00,0,-0.14,13.37,0,0
2026-03-05T03:16:48+00:00,0,-0.26,13.23,0,0
2026-03-05T03:16:48+00:00,0,-0.01,12.97,0,0
2026-03-05T03:16:48+00:00,0,-0.01,12.79,0,0
2026-03-05T03:16:48+00:00,0,-0.45,12.78,0,0
2026-03-05T03:16:48+00:00,0,-0.39,12.33,0,0
2026-03-05T03:16:48+00:00,0,-0.34,11.94,0,0
2026-03-05T03:16:48+00:00,0,-0.01,11.6,0,0
2026-03-05T03:16:48+00:00,0,-0.01,11.59,0,0
2026-03-05T03:16:48+00:00,0,-0.01,13.73,0,0
2026-03-05T03:16:48+00:00,-0.31,-0.03,11.58,0,0
2026-03-05T03:16:48+00:00,0,-0.01,11.86,0,0
2026-03-05T03:16:48+00:00,0,-0.01,11.85,0,1
2026-03-05T03:16:48+00:00,0,-0.88,16.38,0.9,0
2026-03-05T03:16:48+00:00,0,-1.03,11.84,0,0
2026-03-05T03:16:48+00:00,0,-0.01,10.81,0,0
2026-03-05T03:16:48+00:00,0,-0.53,10.8,0,0
2026-03-05T03:16:48+00:00,0,-0.06,16.77,0,0
2026-03-05T03:16:48+00:00,0,-0.23,10.27,0,0
2026-03-05T03:16:48+00:00,0,-0.5,10.04,0,0
2026-03-05T03:16:49+00:00,0,-0.15,17.49,0,0
2026-03-05T03:16:49+00:00,0,-0.04,18.17,0,0
2026-03-05T03:16:49+00:00,0,-0.04,17.33,0,0
2026-03-05T03:16:49+00:00,0,-0.06,17.76,0,0
2026-03-05T03:16:49+00:00,0,-0.18,17.7,0,0
2026-03-05T03:16:49+00:00,0,-0.03,17.52,0,0
2026-03-05T03:16:49+00:00,0,-0.26,17.29,0,0
2026-03-05T03:16:49+00:00,0,-0.01,17.34,0,0
2026-03-05T03:16:49+00:00,0,-0.01,17.03,0,0
2026-03-05T03:16:49+00:00,0,1.15,17.02,1,0
2026-03-05T03:16:49+00:00,0,0.01,18.17,0,0
2026-03-05T03:16:49+00:00,0,-1.17,18.18,-3,1
2026-03-05T03:16:49+00:00,0,-0.37,18.13,0,0
2026-03-05T03:16:53+00:00,-5.97,-0.01,12.21,-2.9,2
2026-03-05T03:16:54+00:00,0,0.01,12.2,0,-0.9
2026-03-05T03:16:55+00:00,0.02,-0.01,12.23,0,-0.1
2026-03-05T03:16:56+00:00,0,0.01,12.22,1.9,-1
2026-03-05T03:17:01+00:00,-0.4,-0.01,11.83,0,0.1
2026-03-05T03:17:02+00:00,0.19,0.01,12.01,-1,1.9
2026-03-05T03:17:03+00:00,0,-0.01,12.02,0,-0.9
2026-03-05T03:17:05+00:00,0.23,0.01,12.24,-0.9,-0.1
2026-03-05T03:17:09+00:00,0.15,-0.01,12.4,0,1
2026-03-05T03:17:10+00:00,0.06,0.01,12.45,0,-0.9
2026-03-05T03:17:11+00:00,0,0.01,12.21,0,0
2026-03-05T03:17:11+00:00,-0.24,-0.01,12.22,0,0
2026-03-05T03:17:16+00:00,0.19,-0.01,12.41,-1,1
2026-03-05T03:17:18+00:00,0.03,0.01,12.43,-0.1,0.9
2026-03-05T03:17:20+00:00,-0.17,-0.01,12.27,0,0.1
2026-03-05T03:17:23+00:00,0.21,0.01,12.47,-0.9,0.9
2026-03-05T03:17:27+00:00,-0.58,-0.01,11.9,-1.1,1.1
2026-03-05T03:17:31+00:00,0.95,-4.79,17.64,-0.9,0
2026-03-05T03:17:31+00:00,0,-0.02,18.04,0,0
2026-03-05T03:17:31+00:00,0,-0.06,28.7,0,0
2026-03-05T03:17:31+00:00,0,-0.08,27.65,0,0
2026-03-05T03:17:31+00:00,0,-0.61,22.37,0,0
2026-03-05T03:17:31+00:00,0,-0.01,29.7,0,0
2026-03-05T03:17:31+00:00,0,-0.49,29.69,0,0
2026-03-05T03:17:31+00:00,0,-0.28,29.2,0,0
2026-03-05T03:17:31+00:00,0,-0.2,28.92,0,0
2026-03-05T03:17:31+00:00,0,-0.01,28.72,0,0
2026-03-05T03:17:31+00:00,0,-0.01,28.71,0,0
2026-03-05T03:17:31+00:00,0,-0.07,28.63,0,0
2026-03-05T03:17:31+00:00,0,-0.17,28.56,0,0
2026-03-05T03:17:31+00:00,0.26,-0.01,28.39,0,0
2026-03-05T03:17:31+00:00,0,-0.05,28.11,0,0
2026-03-05T03:17:31+00:00,0,-0.06,28.06,0,0
2026-03-05T03:17:31+00:00,0,-0.01,28,0,0
2026-03-05T03:17:31+00:00,0,-0.01,28,0,0
2026-03-05T03:17:31+00:00,0,-0.03,27.99,0,0
2026-03-05T03:17:31+00:00,0,-0.23,27.96,0,0
2026-03-05T03:17:31+00:00,0,-0.01,27.73,0,0
2026-03-05T03:17:31+00:00,0,-0.06,27.72,0,0
2026-03-05T03:17:31+00:00,0,-0.01,27.66,0,0
2026-03-05T03:17:31+00:00,0,-0.3,27.56,0,0
2026-03-05T03:17:31+00:00,0,-0.47,27.26,0,0
2026-03-05T03:17:31+00:00,0,-0.07,26.79,0,0
2026-03-05T03:17:31+00:00,0,-0.01,26.61,0,0
2026-03-05T03:17:31+00:00,0,-0.01,26.6,0,0
2026-03-05T03:17:31+00:00,0,0.01,26.59,0,0
2026-03-05T03:17:31+00:00,0,1.21,25.39,0,0
2026-03-05T03:17:31+00:00,0,-0.02,26.6,0,0
2026-03-05T03:17:31+00:00,0,-0.21,26.58,0,0
2026-03-05T03:17:31+00:00,0,-0.13,26.37,0,0
2026-03-05T03:17:31+00:00,0,-0.69,26.24,0,0
2026-03-05T03:17:31+00:00,0,-0.07,25.55,0,0
2026-03-05T03:17:31+00:00,0,-0.08,25.48,0,0
2026-03-05T03:17:31+00:00,0,-0.5,25.33,0,0
2026-03-05T03:17:31+00:00,0,-0.21,24.83,0,0
2026-03-05T03:17:31+00:00,0,0.21,24.62,0,0
2026-03-05T03:17:31+00:00,0,-0.27,24.74,0,0
2026-03-05T03:17:31+00:00,0,-0.05,24.47,0,0
2026-03-05T03:17:31+00:00,0,-0.04,24.42,0,0
2026-03-05T03:17:31+00:00,0,-0.81,24.24,0,0
2026-03-05T03:17:31+00:00,0,-0.12,23.43,0,0
2026-03-05T03:17:31+00:00,0,-0.02,23.31,0,0
2026-03-05T03:17:31+00:00,0,-0.69,23.29,0,0
2026-03-05T03:17:31+00:00,0,-0.16,22.6,0,0
2026-03-05T03:17:31+00:00,0,-0.07,22.44,0,0
2026-03-05T03:17:31+00:00,0,-0.12,21.76,0,0
2026-03-05T03:17:31+00:00,0,-0.17,21.64,0,0
2026-03-05T03:17:31+00:00,0,-0.16,21.47,0,0
2026-03-05T03:17:31+00:00,0,-0.09,21.31,0,0
2026-03-05T03:17:31+00:00,0,-0.44,21.22,0,0
2026-03-05T03:17:31+00:00,0,-0.32,20.78,0,0
2026-03-05T03:17:31+00:00,0,-0.01,20.46,0,0
2026-03-05T03:17:31+00:00,0,-0.14,24.38,0,0
2026-03-05T03:17:31+00:00,0,-0.02,20.45,0,0
2026-03-05T03:17:31+00:00,0,-0.06,20.43,0,0
2026-03-05T03:17:31+00:00,0,-0.01,20.37,0,0
2026-03-05T03:17:31+00:00,0,-0.09,24.83,0,0
2026-03-05T03:17:31+00:00,0,-0.03,20.36,0,0
2026-03-05T03:17:31+00:00,0,-0.01,20.33,0,0
2026-03-05T03:17:31+00:00,0,-0.42,20.32,0,0
2026-03-05T03:17:31+00:00,0,-0.07,25.4,0,0
2026-03-05T03:17:31+00:00,0,-0.47,19.9,0,0
2026-03-05T03:17:31+00:00,0,-1.89,19.43,0,0
2026-03-05T03:17:31+00:00,0,-0.1,17.54,0,0
2026-03-05T03:17:31+00:00,0,-0.95,17.44,0,0
2026-03-05T03:17:31+00:00,0,-0.18,16.49,0,0
2026-03-05T03:17:31+00:00,0,-0.35,16.31,0,0
2026-03-05T03:17:31+00:00,0,-0.5,15.96,0,0
2026-03-05T03:17:31+00:00,0,-1.21,26.6,0,0
2026-03-05T03:17:31+00:00,0,-0.22,15.46,0,0
2026-03-05T03:17:31+00:00,0,-0.03,15.24,0,0
2026-03-05T03:17:31+00:00,0,-0.03,15.21,0,0
2026-03-05T03:17:31+00:00,0,-0.11,26.72,0,0
2026-03-05T03:17:31+00:00,0,-0.07,15.18,0,0
2026-03-05T03:17:31+00:00,0,-0.01,15.11,0,0
2026-03-05T03:17:31+00:00,0,-0.26,15.1,0,0
2026-03-05T03:17:31+00:00,0,-0.01,27.57,0,0
2026-03-05T03:17:31+00:00,0,-0.01,14.84,0,0
2026-03-05T03:17:31+00:00,0,-0.16,14.83,0,0
2026-03-05T03:17:31+00:00,0,-0.01,14.67,0,0
2026-03-05T03:17:31+00:00,0,-0.32,14.66,0,0
2026-03-05T03:17:31+00:00,0,-1.25,14.34,0,0
2026-03-05T03:17:31+00:00,0,-0.01,13.09,0,0
2026-03-05T03:17:31+00:00,0,-0.18,13.08,0,0
2026-03-05T03:17:31+00:00,0,0.01,27.99,0,0
2026-03-05T03:17:31+00:00,0,-0.01,12.9,0,0
2026-03-05T03:17:31+00:00,0,-0.01,12.89,0,0
2026-03-05T03:17:31+00:00,0,-0.01,12.88,0,0
2026-03-05T03:17:31+00:00,0,-0.01,28.12,0,0
2026-03-05T03:17:31+00:00,0,-0.01,12.87,0,0
2026-03-05T03:17:31+00:00,0,-0.01,12.86,-0.9,0
2026-03-05T03:17:31+00:00,0,-0.01,12.85,0,0
2026-03-05T03:17:31+00:00,0,-0.01,28.64,0,0
2026-03-05T03:17:31+00:00,0,6.56,12.84,0.9,0
2026-03-05T03:17:31+00:00,0,-0.13,19.4,0,0
2026-03-05T03:17:31+00:00,0,-0.31,19.27,0,0
2026-03-05T03:17:31+00:00,0,-0.39,18.96,0,0
2026-03-05T03:17:31+00:00,0,-0.37,18.57,0,0
2026-03-05T03:17:31+00:00,0,-0.06,18.2,0,0
2026-03-05T03:17:31+00:00,0,-0.1,18.14,0,0
2026-03-05T03:17:31+00:00,0,-0.36,30.06,0,0
2026-03-05T03:17:31+00:00,0,-0.38,18.02,0,0
2026-03-05T03:17:33+00:00,-1.19,-0.01,28.88,-6.1,7.9
2026-03-05T03:17:33+00:00,0,-0.18,30.82,0,0
2026-03-05T03:17:33+00:00,0,-0.21,30.64,0,0
2026-03-05T03:17:33+00:00,0,-0.02,30.43,0,0
2026-03-05T03:17:33+00:00,0,-0.01,28.89,0,0
2026-03-05T03:17:33+00:00,0,-0.33,30.41,0,0
2026-03-05T03:17:33+00:00,0,-0.73,30.08,0,0
2026-03-05T03:17:33+00:00,0,-0.15,29.35,0,0
2026-03-05T03:17:33+00:00,0,-0.01,29.2,0,0
2026-03-05T03:17:33+00:00,0,-0.24,29.19,0,0
2026-03-05T03:17:33+00:00,0,-0.06,28.95,0,0
2026-03-05T03:17:34+00:00,-11.85,-0.01,18.98,0,0
2026-03-05T03:17:35+00:00,-5.87,0.01,13.1,-3,2
2026-03-05T03:17:38+00:00,0,-0.01,11.78,0,0
2026-03-05T03:17:38+00:00,-1.33,0,11.77,4.1,-4.9
2026-03-05T03:17:38+00:00,0.01,0,11.79,0.9,-0.1
2026-03-05T03:17:39+00:00,-0.01,0.01,11.77,0,1
2026-03-05T03:17:44+00:00,2.23,-0.01,14.01,-0.9,-0.9
2026-03-05T03:17:45+00:00,0,0,14.01,0,0
2026-03-05T03:17:45+00:00,0.02,0.01,14.02,0.9,0
2026-03-05T03:17:48+00:00,-0.08,0,13.94,-0.9,-0.1
2026-03-05T03:17:49+00:00,0,-0.01,13.95,0,0
2026-03-05T03:17:49+00:00,0,0.01,13.94,0,0
2026-03-05T03:17:51+00:00,0.56,-0.01,14.51,-0.1,-1
2026-03-05T03:17:55+00:00,0,-0.01,14.49,0,0
2026-03-05T03:17:55+00:00,-0.02,0.01,14.48,-0.9,2.1
2026-03-05T03:17:56+00:00,-0.03,0.01,14.45,0.9,0
2026-03-05T03:17:57+00:00,-0.34,-0.01,14.12,-0.9,0
2026-03-05T03:17:58+00:00,0.43,0.01,14.54,0.9,0.9
2026-03-05T03:17:58+00:00,0,-0.01,14.55,0,0
2026-03-05T03:17:58+00:00,0,0.01,14.54,-0.9,-0.9
2026-03-05T03:18:01+00:00,-2.11,0.01,12.42,-0.1,0.9
2026-03-05T03:18:01+00:00,0,0.01,12.34,0,0
2026-03-05T03:18:01+00:00,0,0.03,12.35,0,0
2026-03-05T03:18:01+00:00,0,0.04,12.38,0,0
2026-03-05T03:18:01+00:00,0,0.06,5.1,0,0
2026-03-05T03:18:01+00:00,0,0.01,4.52,0,0
2026-03-05T03:18:01+00:00,0,0.32,5.16,0,0
2026-03-05T03:18:01+00:00,0,0.06,4.92,0,0
2026-03-05T03:18:01+00:00,0,0.12,4.98,0,0
2026-03-05T03:18:01+00:00,0,-6.24,10.76,-3,6
2026-03-05T03:18:01+00:00,0,1.68,5.49,0,0
2026-03-05T03:18:01+00:00,0,0.09,7.17,0,0
2026-03-05T03:18:01+00:00,0,0.01,7.26,0,0
2026-03-05T03:18:01+00:00,0,0.01,7.27,3,-6
2026-03-05T03:18:01+00:00,0,0.12,7.28,0,0
2026-03-05T03:18:01+00:00,0,1.09,7.4,0,0
2026-03-05T03:18:01+00:00,0,0.17,8.49,0,0
2026-03-05T03:18:01+00:00,0,0.01,8.66,0,0
2026-03-05T03:18:01+00:00,0,0.01,8.67,0,0
2026-03-05T03:18:01+00:00,0,0.1,8.68,0,0
2026-03-05T03:18:01+00:00,0,0.01,8.78,0,0
2026-03-05T03:18:01+00:00,0,1.81,8.79,0,0
2026-03-05T03:18:01+00:00,0,0.01,10.6,0,0
2026-03-05T03:18:01+00:00,0,0.01,5.48,0,0
2026-03-05T03:18:01+00:00,0,0.15,10.61,0,0
2026-03-05T03:18:01+00:00,0,0.01,4.52,0,0
2026-03-05T03:18:01+00:00,0,6.27,4.53,3,-6
2026-03-05T03:18:01+00:00,0,0.01,10.8,0,0
2026-03-05T03:18:01+00:00,0,1.45,10.81,0,0
2026-03-05T03:18:01+00:00,0,0.08,12.26,0,0
2026-03-05T03:18:01+00:00,0,0.39,4.53,0,0
2026-03-05T03:18:03+00:00,0,-0.01,5.4,0,0
2026-03-05T03:18:03+00:00,0,4.42,5.39,6,-4
2026-03-05T03:18:03+00:00,0,-0.01,7.75,0,1
2026-03-05T03:18:03+00:00,0.86,-4.43,9.81,1,1
2026-03-05T03:18:03+00:00,0,-0.14,9.8,0,0
2026-03-05T03:18:03+00:00,0,-0.01,8.13,0,0
2026-03-05T03:18:03+00:00,0,-0.37,8.12,0,3
2026-03-05T03:18:03+00:00,0,-0.06,9.66,0,0
2026-03-05T03:18:03+00:00,0,-0.86,9.6,0,0
2026-03-05T03:18:03+00:00,0,-0.48,8.74,0,0
2026-03-05T03:18:03+00:00,0,-0.12,8.26,0,0
2026-03-05T03:18:03+00:00,0,-0.01,8.14,0,0
2026-03-05T03:18:03+00:00,0,0.01,7.74,-1,-1
2026-03-05T03:18:03+00:00,0,-0.01,7.75,0,0
2026-03-05T03:18:03+00:00,0,-1.75,7.74,0,0
2026-03-05T03:18:03+00:00,0,-0.01,5.99,0,0
2026-03-05T03:18:03+00:00,0,-0.02,5.98,0,0
2026-03-05T03:18:03+00:00,0,-0.5,5.96,0,0
2026-03-05T03:18:03+00:00,0,-0.06,5.46,0,0
2026-03-05T03:18:04+00:00,7.41,0,17.21,-8,5
2026-03-05T03:18:05+00:00,0.91,-0.01,18.13,0.1,-1
2026-03-05T03:18:05+00:00,-4.27,0.01,13.85,0,0
2026-03-05T03:18:06+00:00,-1.9,-0.01,11.96,0,0.1
2026-03-05T03:18:07+00:00,0,0.01,11.95,0,-0.1
2026-03-05T03:18:08+00:00,0.31,-0.01,12.27,0,0
2026-03-05T03:18:11+00:00,-1.55,0.01,10.71,2,-1.9
2026-03-05T03:18:13+00:00,0.92,-0.01,11.64,0,0
2026-03-05T03:18:14+00:00,0.28,0,11.92,0,0
2026-03-05T03:18:14+00:00,-0.14,0.01,11.77,0,0
2026-03-05T03:18:15+00:00,0,-0.01,11.92,0,0
2026-03-05T03:18:15+00:00,0.14,0,11.91,0,0
2026-03-05T03:18:16+00:00,0.25,0,12.11,1,-1
2026-03-05T03:18:16+00:00,-0.05,0.01,11.86,-1,1
2026-03-05T03:18:16+00:00,-0.25,-0.01,11.87,-1,1
2026-03-05T03:18:17+00:00,0,-0.01,15.9,0,0
2026-03-05T03:18:17+00:00,0,-0.01,15.39,0,0
2026-03-05T03:18:17+00:00,0,-0.01,15.38,0,0
2026-03-05T03:18:17+00:00,0,-0.01,15.37,0,0
2026-03-05T03:18:17+00:00,0,-0.01,15.36,0,0
2026-03-05T03:18:17+00:00,0,-0.01,15.35,0,0
2026-03-05T03:18:17+00:00,0,-0.02,15.34,0,0
2026-03-05T03:18:17+00:00,0,-1.42,15.32,0,0
2026-03-05T03:18:17+00:00,0,-0.02,13.9,0,0
2026-03-05T03:18:17+00:00,0,-0.15,13.88,0,0
2026-03-05T03:18:17+00:00,0,-0.01,13.73,0,0
2026-03-05T03:18:17+00:00,0,-1.78,13.72,0,0
2026-03-05T03:18:17+00:00,0,-0.05,11.94,0,0
2026-03-05T03:18:17+00:00,0,-0.01,11.89,0,0
2026-03-05T03:18:17+00:00,0,-0.5,15.89,0,0
2026-03-05T03:18:17+00:00,0,-0.01,11.88,0,0
2026-03-05T03:18:17+00:00,0,0,11.87,0,0
2026-03-05T03:18:17+00:00,0,-0.01,15.91,0,0
2026-03-05T03:18:17+00:00,0,-0.78,16.69,0,0
2026-03-05T03:18:17+00:00,0,-0.01,16.7,0,0
2026-03-05T03:18:17+00:00,0,-0.01,16.71,0,0
2026-03-05T03:18:17+00:00,0,-0.01,16.72,0,0
2026-03-05T03:18:17+00:00,0,-0.17,16.89,0,0
2026-03-05T03:18:17+00:00,0,-0.01,16.9,0,0
2026-03-05T03:18:17+00:00,0,-0.04,16.94,0,0
2026-03-05T03:18:17+00:00,0,-0.01,16.95,0,0
2026-03-05T03:18:17+00:00,0,-0.01,16.96,0,0
2026-03-05T03:18:17+00:00,0,-0.16,17.12,0,0.9
2026-03-05T03:18:17+00:00,0,-0.02,17.14,0,0
2026-03-05T03:18:17+00:00,0,-0.11,17.25,0,0
2026-03-05T03:18:17+00:00,0,-0.01,17.26,0,0
2026-03-05T03:18:17+00:00,0,-0.23,17.49,0,0
2026-03-05T03:18:17+00:00,0,-0.05,17.54,0,0
2026-03-05T03:18:17+00:00,0,-0.01,17.55,0,0
2026-03-05T03:18:17+00:00,0,-0.21,17.76,0,0
2026-03-05T03:18:17+00:00,0,-0.65,18.41,0,0
2026-03-05T03:18:17+00:00,0,-0.55,18.96,0,0
2026-03-05T03:18:17+00:00,0,-0.1,19.06,0,0
2026-03-05T03:18:17+00:00,0,-0.32,19.38,0,0
2026-03-05T03:18:17+00:00,0,-0.46,19.84,0,0
2026-03-05T03:18:17+00:00,0,-0.08,19.92,0,0
2026-03-05T03:18:17+00:00,0,-0.23,20.15,0,0
2026-03-05T03:18:17+00:00,0,-0.12,20.27,0,0
2026-03-05T03:18:17+00:00,0,-0.22,20.49,0,0
2026-03-05T03:18:17+00:00,0,-0.06,20.55,0,0
2026-03-05T03:18:17+00:00,0,-0.34,20.89,0,0
2026-03-05T03:18:17+00:00,0,-0.07,20.96,0,0
2026-03-05T03:18:17+00:00,0,-0.52,21.48,0,0
2026-03-05T03:18:18+00:00,0,-0.01,21.49,-6.1,3.1
2026-03-05T03:18:18+00:00,0,0.01,21.48,0,0
2026-03-05T03:18:18+00:00,-0.09,-0.01,21.4,0,0
2026-03-05T03:18:20+00:00,0,0.01,21.39,1,2
2026-03-05T03:18:20+00:00,0,-0.01,21.4,0,0
2026-03-05T03:18:20+00:00,0,-0.01,21.41,0,0
2026-03-05T03:18:20+00:00,0,-0.01,21.42,0,0
2026-03-05T03:18:20+00:00,0,-0.38,21.8,0,0
2026-03-05T03:18:20+00:00,0,-0.3,22.1,0,0
2026-03-05T03:18:20+00:00,0,-0.16,22.26,0,0
2026-03-05T03:18:20+00:00,0,-0.21,22.47,0,0
2026-03-05T03:18:20+00:00,0,-0.01,22.48,0,0
2026-03-05T03:18:20+00:00,0,-0.12,22.6,0,0
2026-03-05T03:18:20+00:00,0,-0.01,22.61,0,0
2026-03-05T03:18:20+00:00,0,-0.21,22.82,0,0
2026-03-05T03:18:20+00:00,0,-0.03,22.85,0,0
2026-03-05T03:18:20+00:00,0,-0.02,22.87,0,0
2026-03-05T03:18:20+00:00,0,-0.06,22.93,0,0
2026-03-05T03:18:20+00:00,0,-0.14,23.07,0,0
2026-03-05T03:18:20+00:00,0,-0.01,23.08,0,0
2026-03-05T03:18:20+00:00,0,-0.13,23.21,0,0
2026-03-05T03:18:20+00:00,0,-0.66,23.87,0,0
2026-03-05T03:18:20+00:00,0,-0.43,24.3,0,0
2026-03-05T03:18:20+00:00,0,-0.23,24.53,0,0
2026-03-05T03:18:20+00:00,0,-0.01,24.54,0,0
2026-03-05T03:18:20+00:00,0,-0.03,24.57,0,0
2026-03-05T03:18:20+00:00,0,-0.01,24.58,0,0
2026-03-05T03:18:20+00:00,0,-0.13,24.71,0,0
2026-03-05T03:18:20+00:00,0,-0.05,24.76,0,0
2026-03-05T03:18:20+00:00,0,-0.1,24.86,0,0
2026-03-05T03:18:20+00:00,0,-0.01,24.87,0,0
2026-03-05T03:18:20+00:00,0,-0.01,24.88,0,0
2026-03-05T03:18:20+00:00,0,-0.04,24.92,0,0
2026-03-05T03:18:20+00:00,0,-0.35,25.27,0,0
2026-03-05T03:18:20+00:00,0,-0.37,25.64,0,0
2026-03-05T03:18:20+00:00,0,-0.23,25.87,0,0
2026-03-05T03:18:20+00:00,0,-0.26,26.13,0,0
2026-03-05T03:18:20+00:00,0,-0.31,26.44,0,0
2026-03-05T03:18:20+00:00,0,-0.01,26.45,0,0
2026-03-05T03:18:20+00:00,0,-0.11,26.56,0,0
2026-03-05T03:18:20+00:00,0,-0.3,26.86,0,0
2026-03-05T03:18:20+00:00,0,-0.01,26.87,0,0
2026-03-05T03:18:20+00:00,-5.72,-0.01,21.16,0,0
2026-03-05T03:18:20+00:00,0,-0.01,21.17,0,0
2026-03-05T03:18:20+00:00,0,-0.15,21.32,0,0
2026-03-05T03:18:20+00:00,0,-0.24,21.56,0,0
2026-03-05T03:18:20+00:00,0,-0.18,21.74,0,0
2026-03-05T03:18:20+00:00,0,-0.01,21.75,0,0
2026-03-05T03:18:20+00:00,0,-0.48,22.23,0,0
2026-03-05T03:18:20+00:00,0,-0.25,22.48,0,0
2026-03-05T03:18:20+00:00,0,-0.01,22.49,0,0
2026-03-05T03:18:20+00:00,0,-0.07,22.56,0,0
2026-03-05T03:18:20+00:00,0,-0.01,22.57,0,0
2026-03-05T03:18:20+00:00,0,-0.01,22.58,0,0
2026-03-05T03:18:20+00:00,0,-0.38,22.96,0,0
2026-03-05T03:18:20+00:00,0,-0.01,22.97,0,0
2026-03-05T03:18:20+00:00,0,-0.01,22.98,0,0
2026-03-05T03:18:20+00:00,0,-0.17,23.15,0,0
2026-03-05T03:18:20+00:00,0,-0.02,23.17,0,0
2026-03-05T03:18:20+00:00,0,-0.24,23.41,0,0
2026-03-05T03:18:20+00:00,0,-0.01,23.42,0,0
2026-03-05T03:18:20+00:00,0,-0.5,23.92,0,0
2026-03-05T03:18:20+00:00,0,-0.39,24.31,0,0
2026-03-05T03:18:20+00:00,0,-0.04,24.35,0,0
2026-03-05T03:18:20+00:00,0,-0.22,24.57,0,0
2026-03-05T03:18:20+00:00,0,-0.22,24.79,0,0
2026-03-05T03:18:20+00:00,0,-0.18,24.97,0,0
2026-03-05T03:18:20+00:00,0,-0.18,25.15,0,0
2026-03-05T03:18:20+00:00,0,-0.04,25.19,0,0
2026-03-05T03:18:20+00:00,0,-0.02,25.21,0,0
2026-03-05T03:18:21+00:00,-0.08,-0.01,25.14,-2,3.9
2026-03-05T03:18:21+00:00,-1.11,0.01,24.02,-2,2
2026-03-05T03:18:21+00:00,0,-0.01,24.03,1,0
2026-03-05T03:18:22+00:00,0,-0.01,24.04,0,1
2026-03-05T03:18:22+00:00,0,-0.06,24.1,0,0
2026-03-05T03:18:22+00:00,0,-0.09,24.19,0,0
2026-03-05T03:18:22+00:00,0,-0.07,24.26,0,0
2026-03-05T03:18:22+00:00,0,-0.74,25,0,0
2026-03-05T03:18:22+00:00,0,-0.11,25.11,0,0
2026-03-05T03:18:22+00:00,0,-0.36,25.47,0,0
2026-03-05T03:18:22+00:00,0,-0.01,25.48,0,0
2026-03-05T03:18:23+00:00,-5.31,-0.16,20.33,-4,-1
2026-03-05T03:18:23+00:00,0,-0.01,20.34,0,0
2026-03-05T03:18:23+00:00,0,-0.06,20.4,0,0
2026-03-05T03:18:23+00:00,0,-0.08,20.48,0,0
2026-03-05T03:18:23+00:00,0,-0.17,20.65,0,0
2026-03-05T03:18:23+00:00,0,-0.18,20.83,0,0
2026-03-05T03:18:23+00:00,0,-1.05,21.88,0,0
2026-03-05T03:18:23+00:00,0,-0.67,22.55,0,0
2026-03-05T03:18:23+00:00,0,-0.01,22.56,0,0
2026-03-05T03:18:23+00:00,0,-0.09,22.65,0,0
2026-03-05T03:18:23+00:00,0,-0.06,22.71,0,0
2026-03-05T03:18:23+00:00,0,-0.38,23.09,0,0
2026-03-05T03:18:23+00:00,0,-0.96,24.05,0,0
2026-03-05T03:18:23+00:00,0,-0.01,24.06,0,0
2026-03-05T03:18:23+00:00,0,-0.34,24.4,0,0
2026-03-05T03:18:23+00:00,0,-0.01,24.41,0,0
2026-03-05T03:18:23+00:00,0,-0.01,24.42,0,0
2026-03-05T03:18:23+00:00,0,-0.01,24.43,0,0
2026-03-05T03:18:23+00:00,0,-0.01,24.44,0,0
2026-03-05T03:18:23+00:00,0,-0.09,24.53,0,0
2026-03-05T03:18:23+00:00,0,-0.12,24.65,0,0
2026-03-05T03:18:23+00:00,0,-0.09,24.74,0,0
2026-03-05T03:18:23+00:00,0,-0.09,24.83,0,0
2026-03-05T03:18:23+00:00,0,-0.15,24.98,0,0
2026-03-05T03:18:23+00:00,0,-0.13,25.11,0,0
2026-03-05T03:18:23+00:00,0,-0.08,25.19,0,0
2026-03-05T03:18:23+00:00,0,-0.1,25.29,0,3
2026-03-05T03:18:23+00:00,0,-0.06,25.35,0,0
2026-03-05T03:18:23+00:00,0,-0.01,25.36,0,0
2026-03-05T03:18:23+00:00,0,-0.01,25.37,1,-2
2026-03-05T03:18:23+00:00,0,-0.01,25.38,0,0
2026-03-05T03:18:23+00:00,0,-0.16,25.54,0,0
2026-03-05T03:18:23+00:00,0,-0.01,25.55,0,0
2026-03-05T03:18:23+00:00,0,-0.18,25.73,0,0
2026-03-05T03:18:23+00:00,0,-0.92,26.65,0,0
2026-03-05T03:18:23+00:00,0,-0.2,26.85,0,0
2026-03-05T03:18:24+00:00,-6.7,-2.9,23.05,-4,2
2026-03-05T03:18:24+00:00,0,-0.5,23.55,0,0
2026-03-05T03:18:24+00:00,0,-0.13,23.68,0,0
2026-03-05T03:18:24+00:00,0,-0.27,23.95,0,0
2026-03-05T03:18:24+00:00,0,-0.47,24.42,0,0
2026-03-05T03:18:24+00:00,0.5,4.26,20.66,0,-1
2026-03-05T03:18:24+00:00,-0.5,-0.01,20.17,0,0
2026-03-05T03:18:24+00:00,0,-0.06,20.23,0,0
2026-03-05T03:18:24+00:00,0,-0.12,20.35,0,0
2026-03-05T03:18:24+00:00,0,-0.33,20.68,0,0
2026-03-05T03:18:24+00:00,0,-0.01,20.69,0,0
2026-03-05T03:18:24+00:00,0,-0.67,21.36,0,0
2026-03-05T03:18:24+00:00,0,-0.01,21.37,0,0
2026-03-05T03:18:24+00:00,0,-0.16,21.53,0,0
2026-03-05T03:18:24+00:00,0,-0.01,21.54,0,0
2026-03-05T03:18:24+00:00,0,-0.23,21.77,0,0
2026-03-05T03:18:24+00:00,0,-0.01,21.78,0,0
2026-03-05T03:18:24+00:00,0,-0.17,21.95,0,0
2026-03-05T03:18:24+00:00,0,-0.05,22,0,1
2026-03-05T03:18:24+00:00,0,-0.05,22.05,0,0
2026-03-05T03:18:24+00:00,0,-0.13,22.18,0,0
2026-03-05T03:18:24+00:00,0,-0.86,23.04,0,0
2026-03-05T03:18:24+00:00,0,-1.39,24.43,0,0
2026-03-05T03:18:24+00:00,0,-0.3,24.73,0,0
2026-03-05T03:18:24+00:00,0,-0.2,24.93,0,0
2026-03-05T03:18:24+00:00,0,-0.1,25.03,0,0
2026-03-05T03:18:24+00:00,0,-0.04,25.07,0,0
2026-03-05T03:18:24+00:00,0,-0.34,25.41,0,0
2026-03-05T03:18:24+00:00,0,-0.42,25.83,0,0
2026-03-05T03:18:24+00:00,0,-0.01,25.84,1,2
2026-03-05T03:18:24+00:00,0,-0.01,25.85,0,0
2026-03-05T03:18:24+00:00,0,-0.1,25.95,0,0
2026-03-05T03:18:24+00:00,0,-0.37,26.32,0,0
2026-03-05T03:18:24+00:00,0,-0.91,27.23,0,0
2026-03-05T03:18:24+00:00,0,-0.05,27.28,0,0
2026-03-05T03:18:24+00:00,0,-0.44,27.72,0,0
2026-03-05T03:18:24+00:00,0,-0.17,27.89,0,0
2026-03-05T03:18:24+00:00,0,-0.01,27.9,0,0
2026-03-05T03:18:24+00:00,0,-0.05,27.95,0,0
2026-03-05T03:18:24+00:00,0,-0.13,28.08,0,0
2026-03-05T03:18:24+00:00,0,-0.01,28.09,0,0
2026-03-05T03:18:25+00:00,-3.95,40.14,-16,-3,0.1
2026-03-05T03:18:25+00:00,0,0.05,-16.05,0,0
2026-03-05T03:18:25+00:00,0,-0.08,-15.97,0,0
2026-03-05T03:18:25+00:00,0,0.65,-16.62,0,0
2026-03-05T03:18:25+00:00,0,0.06,-16.68,0,0
2026-03-05T03:18:25+00:00,0,0.08,-16.76,0,0
2026-03-05T03:18:25+00:00,0,0.79,-17.55,0,0
2026-03-05T03:18:25+00:00,0,0.05,-17.6,0,0
2026-03-05T03:18:25+00:00,0,0.54,-18.14,0,0
2026-03-05T03:18:25+00:00,0,0.44,-18.58,0,0
2026-03-05T03:18:25+00:00,0,0.41,-18.99,0,0
2026-03-05T03:18:25+00:00,0,0.03,-19.02,0,0
2026-03-05T03:18:25+00:00,0,0.02,-19.04,0,0
2026-03-05T03:18:25+00:00,0,0.42,-19.46,0,0
2026-03-05T03:18:25+00:00,0,0.37,-19.83,0,0
2026-03-05T03:18:25+00:00,0,0.17,-20,0,0
2026-03-05T03:18:25+00:00,0,0.4,-20.4,0,0
2026-03-05T03:18:25+00:00,0,0.01,-20.41,0,0
2026-03-05T03:18:25+00:00,0,0.75,-21.16,0,0
2026-03-05T03:18:25+00:00,0,0.07,-21.23,0,0
2026-03-05T03:18:25+00:00,0,-3.43,-17.8,0,0
2026-03-05T03:18:25+00:00,0,0.71,-18.51,0,0
2026-03-05T03:18:25+00:00,0,-0.86,-17.65,0,0
2026-03-05T03:18:25+00:00,0,0.63,-18.28,0,0
2026-03-05T03:18:25+00:00,0,0.23,-18.51,0,0
2026-03-05T03:18:25+00:00,0,0.95,-19.46,0,0
2026-03-05T03:18:25+00:00,0,1.76,-21.22,0,0
2026-03-05T03:18:25+00:00,0,0.01,-21.23,0,0
2026-03-05T03:18:25+00:00,0,-0.01,-21.22,0,0
2026-03-05T03:18:25+00:00,0,-1.69,-19.53,0,0
2026-03-05T03:18:25+00:00,0,-0.01,-19.52,0,0
2026-03-05T03:18:25+00:00,0,-0.06,-19.46,0,0
2026-03-05T03:18:25+00:00,0,-0.82,-18.64,0,0
2026-03-05T03:18:25+00:00,0,-0.01,-18.63,0,0
2026-03-05T03:18:25+00:00,0,-0.05,-18.58,0,0
2026-03-05T03:18:25+00:00,0,-0.28,-18.3,0,0
2026-03-05T03:18:25+00:00,0,-0.01,-18.29,0,0
2026-03-05T03:18:25+00:00,0,-0.29,-18,0,0
2026-03-05T03:18:25+00:00,0,-0.01,-17.99,0,0
2026-03-05T03:18:25+00:00,0,-0.31,-17.68,0,0
2026-03-05T03:18:25+00:00,0,-0.01,-17.67,0,0
2026-03-05T03:18:25+00:00,0,-0.03,-17.64,0,0
2026-03-05T03:18:25+00:00,3.95,-42.13,28.44,-2,1.9
2026-03-05T03:18:25+00:00,0,0.01,28.43,0,-1
2026-03-05T03:18:25+00:00,0,0.05,28.38,0,0
2026-03-05T03:18:25+00:00,0,0.01,28.37,0,0
2026-03-05T03:18:25+00:00,0,0.29,28.08,0,0
2026-03-05T03:18:25+00:00,0,0.85,27.23,0,0
2026-03-05T03:18:25+00:00,0,0.46,26.77,0,0
2026-03-05T03:18:25+00:00,0,0.01,26.76,0,0
2026-03-05T03:18:25+00:00,0,0.01,26.75,0,0
2026-03-05T03:18:25+00:00,0,0.84,25.91,0,0
2026-03-05T03:18:25+00:00,0,0.01,25.9,0,0
2026-03-05T03:18:25+00:00,0,0.06,25.84,0,0
2026-03-05T03:18:25+00:00,0,0.01,25.83,0,0
2026-03-05T03:18:25+00:00,-3.95,0.01,21.87,0,0
2026-03-05T03:18:25+00:00,0,0.4,21.47,0,0
2026-03-05T03:18:25+00:00,0,0.01,21.46,0,0
2026-03-05T03:18:25+00:00,0,0.12,21.34,0,0
2026-03-05T03:18:25+00:00,0,1.69,19.65,0,0
2026-03-05T03:18:25+00:00,0,0.01,19.64,0,0
2026-03-05T03:18:25+00:00,0,0.51,19.13,0,0
2026-03-05T03:18:25+00:00,0,0.01,19.12,0,0
2026-03-05T03:18:25+00:00,0,0.02,19.1,0,0
2026-03-05T03:18:25+00:00,0,0.01,19.09,2,0
2026-03-05T03:18:25+00:00,0,0.01,19.08,0,0
2026-03-05T03:18:25+00:00,0,0.3,18.78,0,0
2026-03-05T03:18:25+00:00,0,0.35,18.43,0,0
2026-03-05T03:18:25+00:00,0,0.21,18.22,0,0
2026-03-05T03:18:25+00:00,0,0.12,18.1,0,0
2026-03-05T03:18:25+00:00,0,0.05,18.05,0,0
2026-03-05T03:18:25+00:00,0,0.05,18,0,0
2026-03-05T03:18:25+00:00,0,0.01,17.99,0,0
2026-03-05T03:18:25+00:00,0,0.17,17.82,0,0
2026-03-05T03:18:25+00:00,0,0.01,17.81,0,0
2026-03-05T03:18:25+00:00,0,0.4,17.41,0,0
2026-03-05T03:18:25+00:00,0,0.29,17.12,0,0
2026-03-05T03:18:25+00:00,0,0.04,17.08,0,0
2026-03-05T03:18:25+00:00,0,0.29,16.79,0,0
2026-03-05T03:18:25+00:00,0,0.17,16.62,0,0
2026-03-05T03:18:25+00:00,0,0.62,16,0,0
2026-03-05T03:18:25+00:00,0,0.58,15.42,0,0
2026-03-05T03:18:25+00:00,0,0.67,14.75,0,0
2026-03-05T03:18:25+00:00,0,0.11,14.64,0,0
2026-03-05T03:18:25+00:00,0,0.46,14.18,0,0
2026-03-05T03:18:25+00:00,0,0.08,14.1,0,0
2026-03-05T03:18:25+00:00,0,0.5,13.6,0,0
2026-03-05T03:18:25+00:00,0,0.18,13.42,0,0
2026-03-05T03:18:25+00:00,0,0.03,13.39,0,0
2026-03-05T03:18:25+00:00,0,0.04,13.35,0,0
2026-03-05T03:18:25+00:00,0,0.15,13.2,0,0
2026-03-05T03:18:25+00:00,0,0.39,12.81,0,0
2026-03-05T03:18:25+00:00,0,0.12,12.69,0,0
2026-03-05T03:18:25+00:00,0,0.07,12.62,0,0
2026-03-05T03:18:25+00:00,0,0.26,12.36,0,0
2026-03-05T03:18:25+00:00,0,0.03,12.33,0,0
2026-03-05T03:18:25+00:00,0,0.27,12.06,0,0
2026-03-05T03:18:25+00:00,0,0.45,11.61,0,0
2026-03-05T03:18:25+00:00,0,0.08,11.53,0,0
2026-03-05T03:18:25+00:00,0,0.08,11.45,0,0
2026-03-05T03:18:25+00:00,0,0.17,11.28,0,0
2026-03-05T03:18:25+00:00,0,0.05,11.23,0,0
2026-03-05T03:18:25+00:00,0,0.12,11.11,0,0
2026-03-05T03:18:25+00:00,0,0.57,10.54,0,0
2026-03-05T03:18:25+00:00,0,0.04,10.5,0,0
2026-03-05T03:18:25+00:00,0,0.31,10.19,0,0
2026-03-05T03:18:25+00:00,0,0.03,10.16,0,0
2026-03-05T03:18:25+00:00,0,0.08,10.08,0,0
2026-03-05T03:18:25+00:00,0,0.12,9.96,0,0
2026-03-05T03:18:25+00:00,0,0.25,9.71,0,0
2026-03-05T03:18:25+00:00,0,0.56,9.15,0,0
2026-03-05T03:18:25+00:00,0,0.11,9.04,0,0
2026-03-05T03:18:25+00:00,0,0.3,8.74,0,0
2026-03-05T03:18:25+00:00,0,0.02,8.72,0,0
2026-03-05T03:18:25+00:00,0,0.35,8.37,0,0
2026-03-05T03:18:25+00:00,0,0.07,8.3,0,0
2026-03-05T03:18:25+00:00,0,0.06,8.24,0,0
2026-03-05T03:18:25+00:00,0,0.42,7.82,0,0
2026-03-05T03:18:25+00:00,0,0.18,7.64,0,-0.9
2026-03-05T03:18:25+00:00,0,0.44,7.2,0,0
2026-03-05T03:18:25+00:00,0,0.3,6.9,0,0
2026-03-05T03:18:25+00:00,0,0.88,6.02,0,0
2026-03-05T03:18:25+00:00,0,0.07,5.95,0,0
2026-03-05T03:18:25+00:00,0,-2.43,8.38,0,0
2026-03-05T03:18:25+00:00,0,2.43,5.95,0,0
2026-03-05T03:18:25+00:00,0,0.13,5.82,0,0
2026-03-05T03:18:25+00:00,0,0.18,5.64,0,0
2026-03-05T03:18:25+00:00,0,0.23,5.41,0,0
2026-03-05T03:18:25+00:00,0,0.1,5.31,0,0
2026-03-05T03:18:25+00:00,0,0.21,5.1,0,0
2026-03-05T03:18:25+00:00,0,0.02,5.08,0,0
2026-03-05T03:18:25+00:00,0,0.48,4.6,0,0
2026-03-05T03:18:25+00:00,0,0.13,4.47,0,0
2026-03-05T03:18:25+00:00,0,0.06,4.41,0,0
2026-03-05T03:18:25+00:00,0,0.41,4,0,0
2026-03-05T03:18:25+00:00,0,0.02,3.98,0,0
2026-03-05T03:18:25+00:00,0,0.52,3.46,0,0
2026-03-05T03:18:25+00:00,0,0.2,3.26,0,0
2026-03-05T03:18:25+00:00,0,0.13,3.13,0,0
2026-03-05T03:18:25+00:00,0,0.13,3,0,0
2026-03-05T03:18:25+00:00,0,0.18,2.82,0,0
2026-03-05T03:18:25+00:00,0,0.84,1.98,0,0
2026-03-05T03:18:25+00:00,0,0.14,1.84,0,0
2026-03-05T03:18:25+00:00,0,0.14,1.7,0,0
2026-03-05T03:18:25+00:00,0,0.02,1.68,0,0
2026-03-05T03:18:25+00:00,0,0.24,1.44,0,0
2026-03-05T03:18:25+00:00,0,0.44,1,0,0
2026-03-05T03:18:25+00:00,0,0.1,0.9,0,0
2026-03-05T03:18:25+00:00,0,0.7,0.2,0,0
2026-03-05T03:18:25+00:00,0,0.1,0.1,0,0
2026-03-05T03:18:25+00:00,0,0.12,-0.02,0,0
2026-03-05T03:18:25+00:00,0,0.25,-0.27,0,0
2026-03-05T03:18:25+00:00,0,0.11,-0.38,0,0
2026-03-05T03:18:25+00:00,0,0.23,-0.61,0,0
2026-03-05T03:18:25+00:00,0,0.31,-0.92,0,0
2026-03-05T03:18:25+00:00,0,0.09,-1.01,0,0
2026-03-05T03:18:25+00:00,0,0.8,-1.81,0,0
2026-03-05T03:18:25+00:00,0,-4.39,2.58,0,0
2026-03-05T03:18:25+00:00,0,-7.1,9.68,0,0
2026-03-05T03:18:25+00:00,0,11.49,-1.81,0,0
2026-03-05T03:18:25+00:00,0,0.4,-2.21,0,0
2026-03-05T03:18:25+00:00,0,0.2,-2.41,0,0
2026-03-05T03:18:25+00:00,0,0.05,-2.46,0,0
2026-03-05T03:18:25+00:00,0,0.02,-2.48,0,0
2026-03-05T03:18:25+00:00,0,-7.9,5.42,0,0
2026-03-05T03:18:25+00:00,0,7.9,-2.48,0,0
2026-03-05T03:18:25+00:00,0,0.56,-3.04,0,0
2026-03-05T03:18:25+00:00,0,0.18,-3.22,0,0
2026-03-05T03:18:25+00:00,0,0.03,-3.25,0,0
2026-03-05T03:18:25+00:00,0,0.15,-3.4,0,0
2026-03-05T03:18:25+00:00,0,0.26,-3.66,0,0
2026-03-05T03:18:25+00:00,0,0.89,-4.55,0,0
2026-03-05T03:18:25+00:00,0,0.65,-5.2,0,0
2026-03-05T03:18:25+00:00,0,0.09,-5.29,0,0
2026-03-05T03:18:25+00:00,0,0.33,-5.62,0,0
2026-03-05T03:18:25+00:00,0,-3.82,-1.8,0,0
2026-03-05T03:18:25+00:00,0,0.38,-2.18,0,0
2026-03-05T03:18:25+00:00,0,0.29,-2.47,0,0
2026-03-05T03:18:25+00:00,0,3.23,-5.7,0,0
2026-03-05T03:18:25+00:00,0,0.12,-5.82,0,0
2026-03-05T03:18:25+00:00,0,0.24,-6.06,0,0
2026-03-05T03:18:25+00:00,0,0.06,-6.12,0,0
2026-03-05T03:18:25+00:00,0,0.15,-6.27,0,0
2026-03-05T03:18:25+00:00,0,0.33,-6.6,0,0
2026-03-05T03:18:25+00:00,0,0.16,-6.76,0,0
2026-03-05T03:18:25+00:00,0,-4.28,-2.48,0,0
2026-03-05T03:18:25+00:00,0,0.4,-2.88,0,0
2026-03-05T03:18:25+00:00,0,0.83,-3.71,0,0
2026-03-05T03:18:25+00:00,0,0.02,-3.73,0,0
2026-03-05T03:18:25+00:00,0,0.34,-4.07,0,0
2026-03-05T03:18:25+00:00,0,0.4,-4.47,0,0
2026-03-05T03:18:25+00:00,0,2.29,-6.76,0,0
2026-03-05T03:18:25+00:00,0,0.84,-7.6,0,0
2026-03-05T03:18:25+00:00,0,0.06,-7.66,0,0
2026-03-05T03:18:25+00:00,0,0.24,-7.9,0,0
2026-03-05T03:18:25+00:00,0,0.81,-8.71,0,0
2026-03-05T03:18:25+00:00,0,0.37,-9.08,0,0
2026-03-05T03:18:25+00:00,0,0.15,-9.23,0,0
2026-03-05T03:18:25+00:00,0,1.32,-10.55,0,0
2026-03-05T03:18:25+00:00,0,0.19,-10.74,0,0
2026-03-05T03:18:25+00:00,0,0.56,-11.3,0,0
2026-03-05T03:18:25+00:00,0,0.1,-11.4,0,0
2026-03-05T03:18:25+00:00,0,0.66,-12.06,0,0
2026-03-05T03:18:25+00:00,0,0.04,-12.1,0,0
2026-03-05T03:18:25+00:00,0,0.06,-12.16,0,0
2026-03-05T03:18:25+00:00,0,0.4,-12.56,0,0
2026-03-05T03:18:25+00:00,0,0.08,-12.64,0,0
2026-03-05T03:18:25+00:00,0,0.48,-13.12,0,0
2026-03-05T03:18:25+00:00,0,1.06,-14.18,0,0
2026-03-05T03:18:25+00:00,0,0.7,-14.88,0,0
2026-03-05T03:18:25+00:00,0,0.06,-14.94,0,0
2026-03-05T03:18:25+00:00,0,0.17,-15.11,0,0
2026-03-05T03:18:25+00:00,0,-1.96,-13.15,0,0
2026-03-05T03:18:25+00:00,0,1.96,-15.11,0,0
2026-03-05T03:18:25+00:00,0,0.01,-15.12,0,0
2026-03-05T03:18:25+00:00,0,0.86,-15.98,0,0
2026-03-05T03:18:25+00:00,0,0.07,-16.05,0,0
2026-03-05T03:18:25+00:00,0,-0.07,-15.98,0,0
2026-03-05T03:18:25+00:00,0,-0.86,-15.12,0,0
2026-03-05T03:18:25+00:00,0,-0.01,-15.11,0,0
2026-03-05T03:18:25+00:00,0,-0.17,-14.94,0,0
2026-03-05T03:18:25+00:00,0,-1.77,-13.17,0,0
2026-03-05T03:18:25+00:00,0,-0.01,-13.16,0,0
2026-03-05T03:18:25+00:00,0,-0.02,-13.14,0,0
2026-03-05T03:18:25+00:00,0,-0.02,-13.12,0,0
2026-03-05T03:18:25+00:00,0,-0.03,-13.09,0,0
2026-03-05T03:18:25+00:00,0,-0.31,-12.78,0,0
2026-03-05T03:18:25+00:00,0,-0.14,-12.64,0,0
2026-03-05T03:18:25+00:00,0,-0.09,-12.55,0,0
2026-03-05T03:18:25+00:00,0,-0.23,-12.32,0,0
2026-03-05T03:18:25+00:00,0,-0.15,-12.17,0,0
2026-03-05T03:18:25+00:00,0,-0.02,-12.15,0,0
2026-03-05T03:18:25+00:00,0,-0.02,-12.13,0,0
2026-03-05T03:18:25+00:00,0,-0.13,-12,0,0
2026-03-05T03:18:25+00:00,0,-0.69,-11.31,0,0
2026-03-05T03:18:26+00:00,0,-0.01,-11.3,0,-2.1
2026-03-05T03:18:27+00:00,-4.33,0.01,-15.64,12,-14
2026-03-05T03:18:27+00:00,21.97,-0.01,6.34,4,-1
2026-03-05T03:18:28+00:00,0,0.01,6.33,10,-8
2026-03-05T03:18:30+00:00,1.95,-0.01,8.29,-4,3
2026-03-05T03:18:30+00:00,0,0.01,8.28,0,1
2026-03-05T03:18:30+00:00,0,-0.01,8.29,1,-1.9
2026-03-05T03:18:32+00:00,-0.16,0.01,8.12,-2,3
2026-03-05T03:18:34+00:00,0.04,-0.01,8.17,-1,0.9
2026-03-05T03:18:34+00:00,0,-0.01,8.18,0,0
2026-03-05T03:18:34+00:00,0,-0.01,8.19,0,0
2026-03-05T03:18:34+00:00,0,-0.02,8.21,0,0
2026-03-05T03:18:34+00:00,0,-0.17,8.38,0,0
2026-03-05T03:18:34+00:00,0,-0.04,8.42,0,0
2026-03-05T03:18:34+00:00,0,-0.01,8.43,0,0
2026-03-05T03:18:34+00:00,0,-0.34,8.77,0,0
2026-03-05T03:18:34+00:00,0.01,-0.98,9.76,0,0
2026-03-05T03:18:34+00:00,0,-0.03,9.79,0,0
2026-03-05T03:18:34+00:00,0,-0.42,10.21,0,0
2026-03-05T03:18:34+00:00,0,-0.01,10.22,0,0
2026-03-05T03:18:34+00:00,0,-0.01,10.23,0,0
2026-03-05T03:18:34+00:00,0,-0.01,10.24,0,0
2026-03-05T03:18:34+00:00,0,-0.01,10.25,0,0
2026-03-05T03:18:34+00:00,0,-0.36,10.61,0,0
2026-03-05T03:18:34+00:00,0,-0.01,10.62,0,0
2026-03-05T03:18:34+00:00,0,-0.01,10.63,0,0
2026-03-05T03:18:34+00:00,0,-0.62,11.25,0,0
2026-03-05T03:18:34+00:00,0,-0.44,11.69,0,0
2026-03-05T03:18:34+00:00,0,-0.13,11.82,0,0
2026-03-05T03:18:34+00:00,0,-0.33,12.15,0,0
2026-03-05T03:18:34+00:00,0,-0.01,12.16,0,0
2026-03-05T03:18:34+00:00,0,-0.36,12.52,0,0
2026-03-05T03:18:34+00:00,0,-0.01,12.53,0,0
2026-03-05T03:18:34+00:00,0,-0.01,12.54,0,0
2026-03-05T03:18:34+00:00,0,-0.17,12.71,0,0
2026-03-05T03:18:34+00:00,0,-0.01,12.72,0,0
2026-03-05T03:18:34+00:00,0,-0.14,12.86,0,0
2026-03-05T03:18:34+00:00,0,-0.01,12.87,0,0
2026-03-05T03:18:34+00:00,0,-0.51,13.38,0,0
2026-03-05T03:18:34+00:00,0,-0.01,13.39,0,0
2026-03-05T03:18:34+00:00,0,-0.14,13.53,0,0
2026-03-05T03:18:34+00:00,0,-0.11,13.64,0,0
2026-03-05T03:18:34+00:00,0,-0.02,13.66,0,0
2026-03-05T03:18:34+00:00,0,-0.12,13.78,0,0
2026-03-05T03:18:34+00:00,0,-0.1,13.88,0,0
2026-03-05T03:18:34+00:00,0,-0.01,13.89,0,0
2026-03-05T03:18:34+00:00,0,-0.01,13.9,0,0
2026-03-05T03:18:34+00:00,0,-0.01,13.91,0,0
2026-03-05T03:18:34+00:00,0,-0.01,13.92,0,0
2026-03-05T03:18:34+00:00,0,-0.09,14.01,0,0
2026-03-05T03:18:34+00:00,0,-0.54,14.55,0,0
2026-03-05T03:18:35+00:00,0,0.01,14.54,-2,0
2026-03-05T03:18:36+00:00,-2.05,-8.2,20.69,-2.9,4.1
2026-03-05T03:18:36+00:00,0,-0.32,21.01,0,0
2026-03-05T03:18:36+00:00,0,-0.38,21.39,0,0
2026-03-05T03:18:36+00:00,0,-0.01,21.4,0,0
2026-03-05T03:18:36+00:00,0,-0.21,21.61,0,0
2026-03-05T03:18:36+00:00,0,-0.16,21.77,0,0
2026-03-05T03:18:36+00:00,0,-0.01,21.78,0,0
2026-03-05T03:18:36+00:00,0,-0.06,21.84,0,0
2026-03-05T03:18:36+00:00,0,-0.18,22.02,0,0
2026-03-05T03:18:36+00:00,0,-0.01,22.03,0,0
2026-03-05T03:18:36+00:00,0,-0.48,22.51,0,0
2026-03-05T03:18:36+00:00,0,-0.16,22.67,0,0.9
2026-03-05T03:18:36+00:00,0,-0.78,23.45,0,0
2026-03-05T03:18:36+00:00,0,-0.88,24.33,0,0
2026-03-05T03:18:36+00:00,0,-0.3,24.63,0,0
2026-03-05T03:18:36+00:00,0,-0.08,24.71,0,0
2026-03-05T03:18:36+00:00,0,-0.54,25.25,0,0
2026-03-05T03:18:36+00:00,0,-0.21,25.46,0,0
2026-03-05T03:18:36+00:00,0,-0.2,25.66,0,0
2026-03-05T03:18:36+00:00,0,-0.07,25.73,0,0
2026-03-05T03:18:36+00:00,0,-0.01,25.74,0,0
2026-03-05T03:18:36+00:00,0,-0.01,25.75,0,0
2026-03-05T03:18:36+00:00,0,-0.01,25.76,0,0
2026-03-05T03:18:36+00:00,0,-0.01,25.77,0,0
2026-03-05T03:18:36+00:00,0,-0.01,25.78,0,0
2026-03-05T03:18:36+00:00,0,-0.37,26.15,0,0
2026-03-05T03:18:36+00:00,0,-0.32,26.47,0,0
2026-03-05T03:18:36+00:00,0,-0.1,26.57,0,0
2026-03-05T03:18:36+00:00,0,-0.01,26.58,0,0
2026-03-05T03:18:36+00:00,0,-0.44,27.02,0,0
2026-03-05T03:18:36+00:00,0,-0.28,27.3,0,0
2026-03-05T03:18:36+00:00,0,-0.08,27.38,0,0
2026-03-05T03:18:36+00:00,2.04,14.88,14.54,0.9,-1
2026-03-05T03:18:36+00:00,0,-0.01,14.55,0,0
2026-03-05T03:18:36+00:00,0,-0.06,14.61,0,0
2026-03-05T03:18:36+00:00,0,-1.74,16.35,0,0
2026-03-05T03:18:36+00:00,-2.04,-0.08,14.39,0,0
2026-03-05T03:18:36+00:00,0,-0.01,14.4,0,0
2026-03-05T03:18:36+00:00,0,-0.54,14.94,0,0
2026-03-05T03:18:36+00:00,0,-0.02,14.96,0,0
2026-03-05T03:18:36+00:00,0,-0.06,15.02,0,0
2026-03-05T03:18:36+00:00,0,-0.72,15.74,0,0
2026-03-05T03:18:36+00:00,0,-0.01,15.75,0,0
2026-03-05T03:18:36+00:00,0,-0.21,15.96,0,0
2026-03-05T03:18:36+00:00,0,-0.68,16.64,0,0
2026-03-05T03:18:36+00:00,0,-0.01,16.65,0,0
2026-03-05T03:18:36+00:00,0,-0.4,17.05,0,0
2026-03-05T03:18:36+00:00,0,-0.17,17.22,0,0
2026-03-05T03:18:36+00:00,0,-0.01,17.23,0,0
2026-03-05T03:18:36+00:00,0,-0.18,17.41,0,0
2026-03-05T03:18:36+00:00,0,-0.01,17.42,0,0
2026-03-05T03:18:36+00:00,0,-0.16,17.58,0,0
2026-03-05T03:18:36+00:00,0,-0.05,17.63,0,0
2026-03-05T03:18:36+00:00,0,-0.28,17.91,0,0
2026-03-05T03:18:36+00:00,0,-0.01,17.92,0,0
2026-03-05T03:18:36+00:00,0,-0.3,18.22,0,0
2026-03-05T03:18:36+00:00,0,-0.01,18.23,0,0
2026-03-05T03:18:36+00:00,0,-0.01,18.24,0,0
2026-03-05T03:18:36+00:00,0,-0.01,18.25,0,0
2026-03-05T03:18:36+00:00,0,-0.16,18.41,0,0
2026-03-05T03:18:36+00:00,0,-0.02,18.43,0,0
2026-03-05T03:18:36+00:00,0,-0.4,18.83,0,0
2026-03-05T03:18:36+00:00,0,-0.28,19.11,-0.9,0.1
2026-03-05T03:18:36+00:00,0,-0.01,19.12,0,0
2026-03-05T03:18:36+00:00,0,-0.34,19.46,0,0
2026-03-05T03:18:36+00:00,0,-0.01,19.47,0,0
2026-03-05T03:18:36+00:00,0,-0.01,19.48,0,0
2026-03-05T03:18:36+00:00,0,-0.01,19.49,0,0
2026-03-05T03:18:36+00:00,0,-0.01,19.5,0,0
2026-03-05T03:18:36+00:00,0,-0.4,19.9,0,0
2026-03-05T03:18:36+00:00,0,-0.1,20,0,0
2026-03-05T03:18:36+00:00,0,-0.43,20.43,0,0
2026-03-05T03:18:36+00:00,0,-0.1,20.53,0,0
2026-03-05T03:18:36+00:00,0,-0.11,20.64,0,0
2026-03-05T03:18:37+00:00,0,-7.12,27.76,0,0.9
2026-03-05T03:18:37+00:00,0,0.01,27.75,-1.1,4
2026-03-05T03:18:37+00:00,-4.39,-0.01,23.37,-5,4
2026-03-05T03:18:38+00:00,-0.24,-4.03,27.16,-5,5
2026-03-05T03:18:38+00:00,0.24,4.02,23.38,-3,-1
2026-03-05T03:18:38+00:00,0,-0.06,23.44,0,0
2026-03-05T03:18:38+00:00,0,-0.48,23.92,0,1
2026-03-05T03:18:38+00:00,0,-0.01,23.93,0,0
2026-03-05T03:18:38+00:00,0,-0.34,24.27,0,0
2026-03-05T03:18:38+00:00,0,-0.63,24.9,0,0
2026-03-05T03:18:38+00:00,0,-0.2,25.1,0,0
2026-03-05T03:18:38+00:00,0,-1.29,26.39,0,1
2026-03-05T03:18:38+00:00,0,-0.01,26.4,0,0
2026-03-05T03:18:38+00:00,0,-0.04,26.44,0,0
2026-03-05T03:18:38+00:00,0,-0.68,27.12,0,0
2026-03-05T03:18:38+00:00,0,-0.01,27.13,0,0
2026-03-05T03:18:38+00:00,0,-0.25,27.38,0,0
2026-03-05T03:18:38+00:00,0,-0.03,27.41,0,0
2026-03-05T03:18:39+00:00,-0.24,0,27.17,4,-1
2026-03-05T03:18:39+00:00,-13.21,-0.01,13.97,-7,4
2026-03-05T03:18:39+00:00,0,-0.06,14.03,0,0
2026-03-05T03:18:39+00:00,0,-0.2,14.23,0,0
2026-03-05T03:18:39+00:00,0,-0.26,14.49,0,0
2026-03-05T03:18:39+00:00,0,-0.18,14.67,0,0
2026-03-05T03:18:39+00:00,0,-0.83,15.5,0,0
2026-03-05T03:18:39+00:00,0,-0.03,15.53,0,0
2026-03-05T03:18:40+00:00,-5.22,-0.45,10.76,0.1,-1
2026-03-05T03:18:41+00:00,-0.79,-0.02,9.99,0,0.1
2026-03-05T03:18:41+00:00,0.79,0.01,10.77,0.9,0.9
2026-03-05T03:18:42+00:00,-0.79,-0.85,10.83,-0.9,-0.9
2026-03-05T03:18:42+00:00,0,-0.51,11.34,0,0
2026-03-05T03:18:42+00:00,0,-0.01,11.35,0,0
2026-03-05T03:18:42+00:00,0,-0.06,11.41,0,0
2026-03-05T03:18:42+00:00,0,-0.2,11.61,0,0
2026-03-05T03:18:42+00:00,0,-0.02,11.63,0,0
2026-03-05T03:18:42+00:00,0,-0.05,11.68,0,0
2026-03-05T03:18:42+00:00,0,-0.05,11.73,0,0
2026-03-05T03:18:42+00:00,0,-0.07,11.8,0,0
2026-03-05T03:18:42+00:00,0,-0.01,11.81,0,0
2026-03-05T03:18:42+00:00,0,-0.28,12.09,0,0
2026-03-05T03:18:42+00:00,0,-0.27,12.36,0,0
2026-03-05T03:18:42+00:00,0,-0.21,12.57,0,0
2026-03-05T03:18:42+00:00,0,-0.01,12.58,0,0
2026-03-05T03:18:42+00:00,0,-0.11,12.69,0,0
2026-03-05T03:18:42+00:00,0,-0.01,12.7,0,0
2026-03-05T03:18:42+00:00,0,-0.44,13.14,0,0
2026-03-05T03:18:42+00:00,0,-0.04,13.18,0,0
2026-03-05T03:18:42+00:00,0.73,-0.69,14.6,0,0.9
2026-03-05T03:18:44+00:00,-1.87,-0.01,12.74,-4.1,3
2026-03-05T03:18:44+00:00,0,-0.01,12.75,1,1
2026-03-05T03:18:44+00:00,0,-0.05,12.8,0,0
2026-03-05T03:18:44+00:00,0,-0.25,13.05,0,0
2026-03-05T03:18:44+00:00,0,-0.4,13.45,0,0
2026-03-05T03:18:44+00:00,0,-0.11,13.56,0,0
2026-03-05T03:18:44+00:00,0,-0.34,13.9,0,0
2026-03-05T03:18:44+00:00,0,-0.15,14.05,0,0
2026-03-05T03:18:44+00:00,0,-0.75,14.8,0,0
2026-03-05T03:18:44+00:00,0,-0.01,14.81,0,0
2026-03-05T03:18:44+00:00,0,-1.51,16.32,0,0
2026-03-05T03:18:44+00:00,0,-0.12,16.44,0,0
2026-03-05T03:18:44+00:00,0,-0.14,16.58,-1,0
2026-03-05T03:18:44+00:00,0,-0.01,16.59,0,0
2026-03-05T03:18:44+00:00,0,-0.02,16.61,0,0
2026-03-05T03:18:44+00:00,0,-0.33,16.94,0,0
2026-03-05T03:18:44+00:00,0,-0.11,17.05,0,0
2026-03-05T03:18:44+00:00,-4.26,-0.12,12.91,0,0
2026-03-05T03:18:44+00:00,0,-0.01,12.92,0,0
2026-03-05T03:18:44+00:00,0,-0.07,12.99,0,0
2026-03-05T03:18:44+00:00,0,-0.01,13,0,0
2026-03-05T03:18:44+00:00,0,-0.05,13.05,0,0
2026-03-05T03:18:44+00:00,0,-0.3,13.35,0,0
2026-03-05T03:18:44+00:00,0,-0.09,13.44,0,0
2026-03-05T03:18:44+00:00,0,-0.32,13.76,0,0
2026-03-05T03:18:44+00:00,0,-0.11,13.87,0,0
2026-03-05T03:18:44+00:00,0,-0.01,13.88,0,0
2026-03-05T03:18:44+00:00,0,-0.1,13.98,0,0
2026-03-05T03:18:44+00:00,0,-0.2,14.18,0,0
2026-03-05T03:18:44+00:00,0,-0.5,14.68,0,0
2026-03-05T03:18:44+00:00,0,-0.42,15.1,0,0
2026-03-05T03:18:44+00:00,0,-0.24,15.34,0,0
2026-03-05T03:18:44+00:00,0,-0.63,15.97,0,0
2026-03-05T03:18:44+00:00,0,-0.21,16.18,0,0
2026-03-05T03:18:44+00:00,0,-0.28,16.46,0,0
2026-03-05T03:18:44+00:00,0,-0.17,16.63,0,0
2026-03-05T03:18:44+00:00,0,-0.44,17.07,0,0
2026-03-05T03:18:44+00:00,0,-0.73,17.8,0,0
2026-03-05T03:18:44+00:00,0,-0.25,18.05,0,0
2026-03-05T03:18:44+00:00,0,-0.11,18.16,0,0
2026-03-05T03:18:44+00:00,0,-0.02,18.18,0,0
2026-03-05T03:18:44+00:00,0,-0.18,18.36,0,0
2026-03-05T03:18:44+00:00,0,-0.29,18.65,0,0
2026-03-05T03:18:44+00:00,0,-0.13,18.78,0,0
2026-03-05T03:18:44+00:00,0,-0.03,18.81,0,0
2026-03-05T03:18:44+00:00,0,-0.01,18.82,0,0
2026-03-05T03:18:44+00:00,0,-0.05,18.87,0,0
2026-03-05T03:18:44+00:00,0,-0.01,18.88,0,0
2026-03-05T03:18:45+00:00,0,0.01,18.87,0.1,-0.9
2026-03-05T03:18:45+00:00,-0.27,-0.01,18.61,-6.1,6
2026-03-05T03:18:45+00:00,0,-0.01,18.62,1,-1.1
2026-03-05T03:18:45+00:00,0,-0.12,18.74,0,0
2026-03-05T03:18:45+00:00,0,-0.02,18.76,0,0
2026-03-05T03:18:45+00:00,0,-0.13,18.89,0,0
2026-03-05T03:18:45+00:00,0,-0.01,18.9,2,0
2026-03-05T03:18:45+00:00,0,-0.11,19.01,0,0
2026-03-05T03:18:45+00:00,0,-0.58,19.59,0,0
2026-03-05T03:18:45+00:00,0,-0.01,19.6,0,0
2026-03-05T03:18:45+00:00,0,-0.3,19.9,0,0
2026-03-05T03:18:45+00:00,0,-0.01,19.91,0,0
2026-03-05T03:18:45+00:00,0,-0.51,20.42,0,0
2026-03-05T03:18:45+00:00,0,-0.09,20.51,0,0
2026-03-05T03:18:45+00:00,0,-0.6,21.11,0,0
2026-03-05T03:18:45+00:00,0,-0.18,21.29,0,0
2026-03-05T03:18:45+00:00,0,-0.03,21.32,0,0
2026-03-05T03:18:45+00:00,0,-0.15,21.47,0,0
2026-03-05T03:18:45+00:00,0,-0.01,21.48,0,0
2026-03-05T03:18:45+00:00,0,-0.43,21.91,0,0
2026-03-05T03:18:45+00:00,0,-0.78,22.69,0,0
2026-03-05T03:18:45+00:00,0,-0.02,22.71,0,0
2026-03-05T03:18:46+00:00,0,-0.17,22.88,0,0
2026-03-05T03:18:46+00:00,0,-0.01,22.89,0,0
2026-03-05T03:18:46+00:00,0,-0.09,22.98,0,0
2026-03-05T03:18:46+00:00,0,-0.03,23.01,0,0
2026-03-05T03:18:46+00:00,0,-0.44,23.45,0,0
2026-03-05T03:18:46+00:00,0,-0.42,23.87,0,0
2026-03-05T03:18:46+00:00,0,-0.04,23.91,0,0
2026-03-05T03:18:46+00:00,0,-0.02,23.93,0,0
2026-03-05T03:18:46+00:00,0,-0.18,24.11,0,0
2026-03-05T03:18:46+00:00,0,-0.01,24.12,0,0
2026-03-05T03:18:46+00:00,0,-0.01,24.13,0,0
2026-03-05T03:18:46+00:00,0,-1.09,25.22,0,0
2026-03-05T03:18:46+00:00,0,-0.53,25.75,0,0
2026-03-05T03:18:46+00:00,0,0.01,25.74,-3,0
2026-03-05T03:18:47+00:00,-8.12,-0.01,17.63,0,3
2026-03-05T03:18:49+00:00,-4.09,0,13.54,-2,1.1
2026-03-05T03:18:49+00:00,0,0.01,13.53,0,0
2026-03-05T03:18:49+00:00,0,0,13.53,-0.9,0
2026-03-05T03:18:51+00:00,0.04,0.01,13.56,0,-0.1
2026-03-05T03:18:52+00:00,0.06,-0.01,13.63,0.9,0.1
2026-03-05T03:18:52+00:00,0,0.01,13.62,0,0.9
2026-03-05T03:18:53+00:00,-0.18,0,13.44,0,0
2026-03-05T03:18:53+00:00,-0.76,-0.01,12.69,0,0
2026-03-05T03:18:53+00:00,0.76,0,13.45,-0.9,0
2026-03-05T03:18:54+00:00,-0.76,-0.01,12.7,0,-0.9
2026-03-05T03:18:54+00:00,0,-0.04,12.74,0,0
2026-03-05T03:18:54+00:00,0,-0.12,12.86,0,0
2026-03-05T03:18:54+00:00,0,-0.07,12.93,0,0
2026-03-05T03:18:54+00:00,0,-0.13,13.06,0,0
2026-03-05T03:18:54+00:00,0,-0.31,13.37,0,0
2026-03-05T03:18:54+00:00,0,-0.01,13.38,0,0
2026-03-05T03:18:54+00:00,0,-0.01,13.39,0,0
2026-03-05T03:18:54+00:00,0,-0.5,13.89,0,0
2026-03-05T03:18:54+00:00,0,-0.01,13.9,0,0
2026-03-05T03:18:54+00:00,0,-0.13,14.03,0,0
2026-03-05T03:18:54+00:00,0,-0.07,14.1,0,0
2026-03-05T03:18:54+00:00,0,-0.42,14.52,0,0
2026-03-05T03:18:54+00:00,0,-0.01,14.53,0,0
2026-03-05T03:18:54+00:00,0,-0.33,14.86,0,0
2026-03-05T03:18:54+00:00,0,-0.77,15.63,0,0
2026-03-05T03:18:54+00:00,0,-0.01,15.64,0,0
2026-03-05T03:18:54+00:00,0,-0.09,15.73,0,0
2026-03-05T03:18:54+00:00,0,-0.03,15.76,0,0
2026-03-05T03:18:54+00:00,0,-0.01,15.77,0,0
2026-03-05T03:18:54+00:00,0,-0.57,16.34,0,0
2026-03-05T03:18:54+00:00,0,-0.44,16.78,0,0
2026-03-05T03:18:54+00:00,0,-0.08,16.86,0,0
2026-03-05T03:18:54+00:00,0,0.08,16.78,0,0
2026-03-05T03:18:54+00:00,0,0.01,16.77,0,0
2026-03-05T03:18:54+00:00,0,-0.01,16.78,0,0
2026-03-05T03:18:54+00:00,0,-0.01,16.79,0,0
2026-03-05T03:18:54+00:00,0.05,-0.01,16.85,0,0
2026-03-05T03:18:54+00:00,0,-0.01,16.86,0,0
2026-03-05T03:18:54+00:00,0,-0.04,16.9,0,0
2026-03-05T03:18:54+00:00,0,-0.01,16.91,0,0
2026-03-05T03:18:54+00:00,0,-0.21,17.12,-3.1,3.9
2026-03-05T03:18:54+00:00,0,-0.01,17.13,0,0
2026-03-05T03:18:54+00:00,0,-0.04,17.17,0,0
2026-03-05T03:18:54+00:00,0,-1.15,18.32,0,0
2026-03-05T03:18:54+00:00,0,-0.51,18.83,0,0
2026-03-05T03:18:54+00:00,0,-0.08,18.91,-3,3
2026-03-05T03:18:54+00:00,0,-0.01,18.92,0,0
2026-03-05T03:18:54+00:00,0,-0.39,19.31,0,0
2026-03-05T03:18:54+00:00,0,-0.54,19.85,0,0
2026-03-05T03:18:54+00:00,0,-0.34,20.19,0,0
2026-03-05T03:18:54+00:00,0,-0.05,20.24,0,0
2026-03-05T03:18:54+00:00,0,-0.4,20.64,0,0
2026-03-05T03:18:54+00:00,0,-0.11,20.75,0,0
2026-03-05T03:18:54+00:00,0,-0.12,20.87,0,0
2026-03-05T03:18:54+00:00,0,-0.04,20.91,0,0
2026-03-05T03:18:54+00:00,0,-0.01,20.92,0,0
2026-03-05T03:18:55+00:00,0,-0.01,20.93,0,0
2026-03-05T03:18:55+00:00,0,-0.73,21.66,0,0
2026-03-05T03:18:55+00:00,0,-0.19,21.85,0,0
2026-03-05T03:18:55+00:00,0,-0.01,21.86,0,0
2026-03-05T03:18:57+00:00,-10.15,0.01,11.7,0,-0.9
2026-03-05T03:18:58+00:00,-1.16,-0.01,10.55,-1,1
2026-03-05T03:18:58+00:00,0,0.01,10.54,1,0.9
2026-03-05T03:18:59+00:00,-0.99,-0.02,9.57,-1,-1
2026-03-05T03:18:59+00:00,0,0.01,9.56,1,1
2026-03-05T03:18:59+00:00,0,-0.01,9.57,0,0
2026-03-05T03:18:59+00:00,0,-0.01,9.58,0,0
2026-03-05T03:19:00+00:00,-0.54,0,9.04,-1,-1
2026-03-05T03:19:00+00:00,0,-0.01,9.05,0,0
2026-03-05T03:19:00+00:00,0,-0.04,9.09,0,0
2026-03-05T03:19:00+00:00,0,-0.02,9.11,0,0
2026-03-05T03:19:00+00:00,0,-0.1,9.21,0,0
2026-03-05T03:19:00+00:00,0,-0.86,10.07,0,0
2026-03-05T03:19:00+00:00,0,-0.01,10.08,0,0
2026-03-05T03:19:00+00:00,0,-0.29,10.37,0,0
2026-03-05T03:19:00+00:00,0,-0.44,10.81,0,0
2026-03-05T03:19:00+00:00,0,-0.02,10.83,0,0
2026-03-05T03:19:00+00:00,0,-0.5,11.33,0,0
2026-03-05T03:19:00+00:00,0,-0.27,11.6,0,0
2026-03-05T03:19:00+00:00,-0.14,-9.95,21.41,0,0.1
2026-03-05T03:19:00+00:00,0,-0.01,21.42,0,0
2026-03-05T03:19:00+00:00,0,-0.11,21.53,0,0
2026-03-05T03:19:00+00:00,0,-0.08,21.61,0,0
2026-03-05T03:19:00+00:00,0,-0.32,21.93,0,0
2026-03-05T03:19:00+00:00,0,-0.25,22.18,0,0
2026-03-05T03:19:00+00:00,0,-0.13,22.31,0,0
2026-03-05T03:19:00+00:00,0,-0.2,22.51,0,0
2026-03-05T03:19:00+00:00,0,-0.11,22.62,0,0
2026-03-05T03:19:00+00:00,0,-0.65,23.27,0,0
2026-03-05T03:19:00+00:00,0,-0.12,23.39,0,0
2026-03-05T03:19:00+00:00,0,-0.04,23.43,0,0
2026-03-05T03:19:00+00:00,0,-0.01,23.44,0,0
2026-03-05T03:19:00+00:00,0,-0.49,23.93,0,0
2026-03-05T03:19:00+00:00,0,-0.14,24.07,0,0
2026-03-05T03:19:00+00:00,0,-0.06,24.13,0,0
2026-03-05T03:19:00+00:00,0,-0.17,24.3,0,0
2026-03-05T03:19:00+00:00,0,-0.01,24.31,0,0
2026-03-05T03:19:00+00:00,0,-0.2,24.51,0,0
2026-03-05T03:19:00+00:00,0,-0.07,24.58,0,0
2026-03-05T03:19:00+00:00,0,-0.05,24.63,0,0
2026-03-05T03:19:00+00:00,0,-0.3,24.93,0,0
2026-03-05T03:19:00+00:00,0,-0.32,25.25,0,0
2026-03-05T03:19:00+00:00,0.14,13.41,11.98,0,-0.1
2026-03-05T03:19:00+00:00,0,-0.01,11.99,0,0
2026-03-05T03:19:00+00:00,0,-0.08,12.07,0,0
2026-03-05T03:19:00+00:00,0,-0.56,12.63,0,0
2026-03-05T03:19:00+00:00,0,-0.01,12.64,0,0
2026-03-05T03:19:00+00:00,0,-0.01,12.65,0,0
2026-03-05T03:19:00+00:00,0,-0.02,12.67,0,0
2026-03-05T03:19:00+00:00,0,-0.46,13.13,0,0
2026-03-05T03:19:00+00:00,0,-0.15,13.28,0,0
2026-03-05T03:19:00+00:00,0,-0.11,13.39,0,0
2026-03-05T03:19:00+00:00,0,-0.08,13.47,0,0
2026-03-05T03:19:00+00:00,0,-0.02,13.49,0,0
2026-03-05T03:19:00+00:00,0,-0.58,14.07,0,0
2026-03-05T03:19:00+00:00,0,-0.15,14.22,0,0
2026-03-05T03:19:00+00:00,0,-0.09,14.31,0,0
2026-03-05T03:19:00+00:00,0,-0.24,14.55,0,0
2026-03-05T03:19:00+00:00,0,-0.04,14.59,0,0
2026-03-05T03:19:00+00:00,0,-0.18,14.77,0,0
2026-03-05T03:19:00+00:00,0,-0.28,15.05,0,0
2026-03-05T03:19:00+00:00,0,-0.03,15.08,0,0
2026-03-05T03:19:00+00:00,0,-0.09,15.17,0,0
2026-03-05T03:19:00+00:00,0,-0.32,15.49,0,0
2026-03-05T03:19:00+00:00,0,-0.07,15.56,0,0
2026-03-05T03:19:00+00:00,0,-0.01,15.57,0,0
2026-03-05T03:19:00+00:00,0,-0.5,16.07,0,0.1
2026-03-05T03:19:00+00:00,0,-0.22,16.29,0,0
2026-03-05T03:19:00+00:00,0,-0.12,16.41,0,0
2026-03-05T03:19:00+00:00,0,-0.91,17.32,0,0
2026-03-05T03:19:00+00:00,0,-0.03,17.35,0,0
2026-03-05T03:19:00+00:00,0,-0.19,17.54,0,0
2026-03-05T03:19:00+00:00,0,-0.09,17.63,0,0
2026-03-05T03:19:00+00:00,-0.14,-0.11,17.6,0,0
2026-03-05T03:19:00+00:00,0,-0.32,17.92,0,0
2026-03-05T03:19:00+00:00,0,-0.01,17.93,0,0
2026-03-05T03:19:00+00:00,0,-0.04,17.97,0,0
2026-03-05T03:19:00+00:00,0,-0.29,18.26,0,0
2026-03-05T03:19:00+00:00,0,-0.01,18.27,0,0
2026-03-05T03:19:00+00:00,0,-0.09,18.36,0,0
2026-03-05T03:19:00+00:00,0,-0.17,18.53,0,0
2026-03-05T03:19:00+00:00,0,-0.12,18.65,0,0
2026-03-05T03:19:00+00:00,0,-0.01,18.66,0,0
2026-03-05T03:19:00+00:00,0,-0.07,18.73,0,0
2026-03-05T03:19:00+00:00,0,-0.5,19.23,0,0
2026-03-05T03:19:00+00:00,0,-0.01,19.24,0,0
2026-03-05T03:19:00+00:00,0,-0.01,19.25,0,0
2026-03-05T03:19:00+00:00,0,-0.04,19.29,0,0
2026-03-05T03:19:00+00:00,0,-0.18,19.47,0,0
2026-03-05T03:19:00+00:00,0,-0.13,19.6,0,0
2026-03-05T03:19:00+00:00,0,-0.16,19.76,0,0
2026-03-05T03:19:00+00:00,0,-0.03,19.79,0,0
2026-03-05T03:19:00+00:00,0,-0.14,19.93,0,0
2026-03-05T03:19:00+00:00,0,-0.15,20.08,0,0
2026-03-05T03:19:00+00:00,0,-0.01,20.09,0,0
2026-03-05T03:19:00+00:00,0,-0.31,20.4,0,0
2026-03-05T03:19:00+00:00,0,-0.5,20.9,0,0
2026-03-05T03:19:00+00:00,0,-0.28,21.18,0,0
2026-03-05T03:19:00+00:00,0,-0.09,21.27,0,0
2026-03-05T03:19:00+00:00,0,-0.01,21.28,0,0
2026-03-05T03:19:00+00:00,0,-4.01,25.29,0,0
2026-03-05T03:19:00+00:00,0,-0.04,25.33,0,0
2026-03-05T03:19:00+00:00,0,-0.34,25.67,0,0
2026-03-05T03:19:00+00:00,0,-0.21,25.88,0,0
2026-03-05T03:19:00+00:00,0,-0.01,25.89,0,0
2026-03-05T03:19:00+00:00,0,-0.04,25.93,0,0
2026-03-05T03:19:00+00:00,0,-0.13,26.06,0,0
2026-03-05T03:19:00+00:00,0,-0.01,26.07,0,0
2026-03-05T03:19:00+00:00,0,-0.89,26.96,0,0
2026-03-05T03:19:00+00:00,0,-0.11,27.07,0,0
2026-03-05T03:19:00+00:00,0,-0.65,27.72,0,0
2026-03-05T03:19:00+00:00,0,-0.21,27.93,0,0
2026-03-05T03:19:00+00:00,0,-0.08,28.01,0,0
2026-03-05T03:19:00+00:00,0,-0.06,28.07,0,0
2026-03-05T03:19:00+00:00,0,-0.13,28.2,0,0
2026-03-05T03:19:00+00:00,0,-0.15,28.35,0,0
2026-03-05T03:19:00+00:00,0,-0.53,28.88,0,0
2026-03-05T03:19:00+00:00,0,-0.01,28.89,0,0
2026-03-05T03:19:00+00:00,0,0.01,28.88,0,0
2026-03-05T03:19:01+00:00,0,-10.17,39.05,-3,3.9
2026-03-05T03:19:01+00:00,0,0.01,39.04,0,0
2026-03-05T03:19:01+00:00,0,10.15,28.89,3,-4
2026-03-05T03:19:01+00:00,0,-0.01,28.9,0,0
2026-03-05T03:19:01+00:00,0,-0.06,28.96,0,0
2026-03-05T03:19:01+00:00,0,-0.68,29.64,0,0
2026-03-05T03:19:01+00:00,0,-0.16,29.8,0,0
2026-03-05T03:19:01+00:00,0,-0.01,29.81,0,0
2026-03-05T03:19:01+00:00,0,-0.01,29.82,0,0
2026-03-05T03:19:01+00:00,0,-0.01,29.83,0,0
2026-03-05T03:19:01+00:00,0,-0.1,29.93,0,0
2026-03-05T03:19:01+00:00,0,-0.33,30.26,0,0
2026-03-05T03:19:01+00:00,0,-0.27,30.53,0,0
2026-03-05T03:19:01+00:00,0,-0.01,30.54,0,0
2026-03-05T03:19:01+00:00,0,-0.12,30.66,0,0
2026-03-05T03:19:01+00:00,0,-0.05,30.71,0,0
2026-03-05T03:19:01+00:00,0,-0.19,30.9,0,0
2026-03-05T03:19:01+00:00,0,-0.01,30.91,0,0
2026-03-05T03:19:01+00:00,0,-0.22,31.13,0,0
2026-03-05T03:19:01+00:00,0,-0.16,31.29,0,0
2026-03-05T03:19:01+00:00,0,-0.01,31.3,0,0
2026-03-05T03:19:01+00:00,0,-0.07,31.37,0,0
2026-03-05T03:19:01+00:00,0,-0.19,31.56,0,0
2026-03-05T03:19:01+00:00,0,-0.25,31.81,0,0
2026-03-05T03:19:01+00:00,0,-0.12,31.93,0,0
2026-03-05T03:19:01+00:00,0,-0.6,32.53,0,0
2026-03-05T03:19:01+00:00,0,-0.11,32.64,0,0
2026-03-05T03:19:01+00:00,0,-0.01,32.65,0,0
2026-03-05T03:19:01+00:00,0,-0.63,33.28,0,0
2026-03-05T03:19:01+00:00,0,-0.09,33.37,0,0
2026-03-05T03:19:01+00:00,0,-0.04,33.41,0,0
2026-03-05T03:19:01+00:00,0,-0.15,33.56,0,0
2026-03-05T03:19:01+00:00,0,-0.18,33.74,0,0
2026-03-05T03:19:01+00:00,0,-0.11,33.85,0,0
2026-03-05T03:19:01+00:00,0,-0.08,33.93,0,0
2026-03-05T03:19:01+00:00,0,-0.01,33.94,0,0
2026-03-05T03:19:01+00:00,0,-0.03,33.97,0,0
2026-03-05T03:19:01+00:00,0,-0.38,34.35,0,0
2026-03-05T03:19:01+00:00,0,-0.04,34.39,0,0
2026-03-05T03:19:01+00:00,0,-0.15,34.54,0,0
2026-03-05T03:19:01+00:00,0,-0.61,35.15,0,0
2026-03-05T03:19:01+00:00,0,-0.2,35.35,0,0
2026-03-05T03:19:01+00:00,0,-0.28,35.63,0,0
2026-03-05T03:19:01+00:00,0,-0.01,35.64,0,0
2026-03-05T03:19:01+00:00,0,-0.29,35.93,0,0
2026-03-05T03:19:01+00:00,0,-0.2,36.13,0,0
2026-03-05T03:19:01+00:00,0,-0.04,36.17,0,0
2026-03-05T03:19:01+00:00,0,-0.67,36.84,0,0
2026-03-05T03:19:01+00:00,0,-0.03,36.87,0,0
2026-03-05T03:19:01+00:00,0,-0.46,37.33,0,0
2026-03-05T03:19:01+00:00,0,-0.08,37.41,0,0
2026-03-05T03:19:01+00:00,0,-0.04,37.45,0,0
2026-03-05T03:19:01+00:00,0,-0.31,37.76,0,0
2026-03-05T03:19:01+00:00,0,-0.17,37.93,0,0
2026-03-05T03:19:01+00:00,0,-0.02,37.95,0,0
2026-03-05T03:19:01+00:00,0,-0.04,37.99,0,0
2026-03-05T03:19:01+00:00,0,-0.09,38.08,0,0
2026-03-05T03:19:01+00:00,0,-0.96,39.04,0,0
2026-03-05T03:19:02+00:00,-2.59,-0.01,36.46,-4,4
2026-03-05T03:19:02+00:00,2.59,0,39.05,1,0
2026-03-05T03:19:02+00:00,-2.59,0.01,36.45,-1,0
2026-03-05T03:19:03+00:00,-15.63,-0.02,20.84,-1,2
2026-03-05T03:19:03+00:00,0,-0.5,21.34,0,0
2026-03-05T03:19:03+00:00,0,-0.25,21.59,0,0
2026-03-05T03:19:03+00:00,0,-0.12,21.71,0,0
2026-03-05T03:19:03+00:00,0,-0.37,22.08,0,0
2026-03-05T03:19:03+00:00,0,-0.01,22.09,0,0
2026-03-05T03:19:03+00:00,0,-0.01,22.1,0,0
2026-03-05T03:19:03+00:00,0,-0.11,22.21,0,0
2026-03-05T03:19:03+00:00,0,-0.06,22.27,0,0
2026-03-05T03:19:03+00:00,0,-0.01,22.28,0,0
2026-03-05T03:19:03+00:00,0,-0.55,22.83,0,0
2026-03-05T03:19:03+00:00,0,-0.06,22.89,0,0
2026-03-05T03:19:03+00:00,0,-0.25,23.14,0,0
2026-03-05T03:19:03+00:00,0,-0.13,23.27,0,0
2026-03-05T03:19:03+00:00,0,-0.01,23.28,0,0
2026-03-05T03:19:03+00:00,0,-0.02,23.3,0,0
2026-03-05T03:19:03+00:00,0,-0.01,23.31,0,0
2026-03-05T03:19:03+00:00,0,-0.01,23.32,0,0
2026-03-05T03:19:03+00:00,0,-0.01,23.33,0,-1
2026-03-05T03:19:03+00:00,0,-0.04,23.37,0,0
2026-03-05T03:19:03+00:00,0,-0.33,23.7,0,0
2026-03-05T03:19:03+00:00,0,-0.01,23.71,0,0
2026-03-05T03:19:03+00:00,0,-0.28,23.99,0,0
2026-03-05T03:19:03+00:00,0,-0.05,24.04,0,0
2026-03-05T03:19:03+00:00,0,-0.01,24.05,0,0
2026-03-05T03:19:05+00:00,-7.99,-0.01,16.07,1,0
2026-03-05T03:19:05+00:00,0,0.01,16.06,0,0
2026-03-05T03:19:05+00:00,0,-0.01,16.07,-2,0
2026-03-05T03:19:05+00:00,-0.77,0.01,15.29,0,0
2026-03-05T03:19:06+00:00,0,-0.01,15.3,2,1
2026-03-05T03:19:06+00:00,0,0.01,15.29,0,0
2026-03-05T03:19:06+00:00,-4.37,-0.01,10.93,-2,0
2026-03-05T03:19:08+00:00,0.44,0.01,11.36,-1,0
2026-03-05T03:19:08+00:00,0,-0.01,11.37,0,0
2026-03-05T03:19:08+00:00,0,0.01,11.36,2,1
2026-03-05T03:19:09+00:00,-1.64,-0.01,9.73,-2,2
2026-03-05T03:19:09+00:00,0,-0.07,9.8,0,0
2026-03-05T03:19:09+00:00,0,-0.53,10.33,0,0
2026-03-05T03:19:09+00:00,0,-0.05,10.38,0,0
2026-03-05T03:19:09+00:00,0,-0.46,10.84,0,0
2026-03-05T03:19:09+00:00,0,-0.01,10.85,0,0
2026-03-05T03:19:09+00:00,0,-0.05,10.9,0,0
2026-03-05T03:19:09+00:00,0,-0.08,10.98,0,0
2026-03-05T03:19:09+00:00,0,-0.2,11.18,0,0
2026-03-05T03:19:09+00:00,0,-0.2,11.38,0,0
2026-03-05T03:19:09+00:00,0,-0.03,11.41,0,0
2026-03-05T03:19:09+00:00,0,-0.07,11.48,0,0
2026-03-05T03:19:09+00:00,0,-0.01,11.49,0,0
2026-03-05T03:19:09+00:00,0,-0.17,11.66,0,0
2026-03-05T03:19:09+00:00,0,-0.56,12.22,0,0
2026-03-05T03:19:09+00:00,0,-0.17,12.39,0,0
2026-03-05T03:19:09+00:00,0,-0.01,12.4,0,0
2026-03-05T03:19:09+00:00,0,-0.32,12.72,0,0
2026-03-05T03:19:09+00:00,0,-0.55,13.27,0,0
2026-03-05T03:19:09+00:00,0,-0.01,13.28,0,0
2026-03-05T03:19:09+00:00,0,-0.05,13.33,0,0
2026-03-05T03:19:09+00:00,0,-0.04,13.37,0,0
2026-03-05T03:19:09+00:00,0,-0.01,13.38,0,0
2026-03-05T03:19:09+00:00,0,-0.1,13.48,0,0
2026-03-05T03:19:09+00:00,0,-0.01,13.49,0,0
2026-03-05T03:19:09+00:00,0,-0.31,13.8,0,0
2026-03-05T03:19:09+00:00,0,-0.06,13.86,0,0
2026-03-05T03:19:09+00:00,0,-0.06,13.92,0,0
2026-03-05T03:19:09+00:00,0,-0.09,14.01,0,0
2026-03-05T03:19:09+00:00,0,-0.01,14.02,0,0
2026-03-05T03:19:09+00:00,0,4.29,9.73,0,0
2026-03-05T03:19:09+00:00,0,0.01,9.72,0,-1
2026-03-05T03:19:10+00:00,-0.15,-4.31,13.88,-1,1
2026-03-05T03:19:10+00:00,0,-1.35,15.23,0,0
2026-03-05T03:19:10+00:00,0,-0.01,15.24,0,0
2026-03-05T03:19:10+00:00,0,-0.06,15.3,0,0
2026-03-05T03:19:10+00:00,0,-1.07,16.37,0,0
2026-03-05T03:19:11+00:00,0,-0.14,16.51,0,0
2026-03-05T03:19:11+00:00,0,-0.27,16.78,0,-1
2026-03-05T03:19:11+00:00,0,-0.01,16.79,0,0
2026-03-05T03:19:11+00:00,0,-0.01,16.8,0,0
2026-03-05T03:19:11+00:00,0,-0.06,16.86,0,0
2026-03-05T03:19:11+00:00,0,-0.07,16.93,0,0
2026-03-05T03:19:11+00:00,0,-0.1,17.03,0,0
2026-03-05T03:19:11+00:00,0,-0.19,17.22,0,0
2026-03-05T03:19:11+00:00,0,-0.01,17.23,0,0
2026-03-05T03:19:11+00:00,0,0.01,17.22,0,0
2026-03-05T03:19:12+00:00,0.32,-0.01,17.55,0,0
2026-03-05T03:19:12+00:00,0,0.01,17.54,0,1
2026-03-05T03:19:13+00:00,-4.13,-0.01,13.42,0,-1
2026-03-05T03:19:14+00:00,-2.21,0.01,11.2,0,1
2026-03-05T03:19:15+00:00,-1.75,-0.01,9.46,0,1
2026-03-05T03:19:15+00:00,0,0.01,9.45,0,0
2026-03-05T03:19:16+00:00,2.51,-0.01,11.97,-1,-1
2026-03-05T03:19:16+00:00,0,-0.01,11.98,0,0
2026-03-05T03:19:16+00:00,0,-0.79,12.77,0,0
2026-03-05T03:19:16+00:00,0,-0.86,13.63,0,0
2026-03-05T03:19:16+00:00,0,-0.13,13.76,0,0
2026-03-05T03:19:16+00:00,0,-0.01,13.77,0,0
2026-03-05T03:19:16+00:00,0,-0.01,13.78,0,0
2026-03-05T03:19:17+00:00,1.8,0.01,15.57,0,1
2026-03-05T03:19:17+00:00,0,-0.01,15.58,0,-1
2026-03-05T03:19:18+00:00,0,0.01,15.57,0,1
2026-03-05T03:19:19+00:00,-4.98,-0.01,10.6,0,-1
2026-03-05T03:19:19+00:00,0,0.01,10.59,0,0
2026-03-05T03:19:19+00:00,0,-0.01,10.6,0,0
2026-03-05T03:19:20+00:00,-2.1,0.01,8.49,0,0
2026-03-05T03:19:20+00:00,0,-0.01,8.5,0,0
2026-03-05T03:19:20+00:00,0,-0.01,8.51,0,0
2026-03-05T03:19:20+00:00,0,-0.06,8.57,0,0
2026-03-05T03:19:20+00:00,0,-0.03,8.6,0,0
2026-03-05T03:19:20+00:00,0,-0.09,8.69,0,0
2026-03-05T03:19:20+00:00,0,-0.49,9.18,0,0
2026-03-05T03:19:20+00:00,0,-0.09,9.27,0,0
2026-03-05T03:19:20+00:00,0,-0.69,9.96,0,0
2026-03-05T03:19:20+00:00,0,-0.2,10.16,0,0
2026-03-05T03:19:20+00:00,0,-0.46,10.62,0,0
2026-03-05T03:19:20+00:00,0,-0.07,10.69,0,0
2026-03-05T03:19:20+00:00,0,-0.22,10.91,0,0
2026-03-05T03:19:20+00:00,0,-0.14,11.05,0,0
2026-03-05T03:19:20+00:00,0,-0.01,11.06,0,0
2026-03-05T03:19:20+00:00,0,-0.04,11.1,0,0
2026-03-05T03:19:20+00:00,0,-0.01,11.11,0,0
2026-03-05T03:19:20+00:00,0,-0.02,11.13,0,0
2026-03-05T03:19:20+00:00,0,-0.19,11.32,0,0
2026-03-05T03:19:20+00:00,0,-0.06,11.38,0,0
2026-03-05T03:19:20+00:00,0,-0.09,11.47,0,0
2026-03-05T03:19:20+00:00,0,-0.29,11.76,0,0
2026-03-05T03:19:20+00:00,0,-0.23,11.99,0,0
2026-03-05T03:19:20+00:00,0,-0.01,12,0,0
2026-03-05T03:19:20+00:00,0,-0.05,12.05,0,0
2026-03-05T03:19:20+00:00,0,-0.24,12.29,0,0
2026-03-05T03:19:20+00:00,0,-0.39,12.68,0,0
2026-03-05T03:19:20+00:00,0,-0.01,12.69,0,0
2026-03-05T03:19:20+00:00,0,-0.26,12.95,0,0
2026-03-05T03:19:20+00:00,0,-0.54,13.49,0,0
2026-03-05T03:19:20+00:00,0,-0.01,13.5,0,0
2026-03-05T03:19:20+00:00,0,-0.47,13.97,0,0
2026-03-05T03:19:20+00:00,0,-0.01,13.98,0,0
2026-03-05T03:19:20+00:00,0,0.01,13.97,0,0
2026-03-05T03:19:20+00:00,0,-0.01,13.98,0,0
2026-03-05T03:19:20+00:00,0,0.01,13.97,0,1
2026-03-05T03:19:22+00:00,1.02,-0.01,15,0,-1
2026-03-05T03:19:24+00:00,-2.29,0,12.71,0,1
2026-03-05T03:19:24+00:00,0,0.01,12.7,0,0
2026-03-05T03:19:25+00:00,0,0,12.7,1,0
2026-03-05T03:19:27+00:00,-0.75,-0.01,11.96,-1,0
2026-03-05T03:19:27+00:00,0,0.01,11.95,0,0
2026-03-05T03:19:27+00:00,0,-0.01,11.96,0,-1
2026-03-05T03:19:30+00:00,-0.3,0.01,11.65,0,1
2026-03-05T03:19:30+00:00,0,-0.01,11.66,0,0
2026-03-05T03:19:31+00:00,-0.1,0.01,11.55,0,-1
2026-03-05T03:19:32+00:00,0,-0.01,11.56,0,0
2026-03-05T03:19:32+00:00,0,0.01,11.55,0,1
2026-03-05T03:19:32+00:00,0.05,-0.01,11.61,-1,0
2026-03-05T03:19:32+00:00,0,-0.01,11.62,0,0
2026-03-05T03:19:32+00:00,0,-0.06,11.68,0,0
2026-03-05T03:19:32+00:00,0,-0.16,11.84,0,0
2026-03-05T03:19:32+00:00,0,-0.3,12.14,0,0
2026-03-05T03:19:32+00:00,0,-0.16,12.3,0,0
2026-03-05T03:19:32+00:00,0,-0.02,12.32,0,0
2026-03-05T03:19:32+00:00,0,-0.04,12.36,0,0
2026-03-05T03:19:32+00:00,0,-0.04,12.4,0,0
2026-03-05T03:19:32+00:00,0,-0.03,12.43,0,0
2026-03-05T03:19:32+00:00,0,-0.01,12.44,0,0
2026-03-05T03:19:32+00:00,0,-0.17,12.61,0,0
2026-03-05T03:19:32+00:00,0,-0.01,12.62,0,0
2026-03-05T03:19:32+00:00,0,-0.01,12.63,0,0
2026-03-05T03:19:32+00:00,0,-0.17,12.8,0,0
2026-03-05T03:19:32+00:00,0,-0.14,12.94,0,0
2026-03-05T03:19:32+00:00,0,-0.2,13.14,0,0
2026-03-05T03:19:32+00:00,0,-1.03,14.17,0,0
2026-03-05T03:19:32+00:00,0,-0.05,14.22,0,0
2026-03-05T03:19:32+00:00,0,-0.1,14.32,0,0
2026-03-05T03:19:32+00:00,0,-0.4,14.72,0,0
2026-03-05T03:19:32+00:00,0,-0.01,14.73,0,0
2026-03-05T03:19:32+00:00,0,-0.01,14.74,0,0
2026-03-05T03:19:33+00:00,-0.18,-0.66,15.22,0,0.1
2026-03-05T03:19:33+00:00,0,-0.01,15.23,0,0
2026-03-05T03:19:33+00:00,0.18,0.01,15.4,0,0
2026-03-05T03:19:33+00:00,-0.18,-0.01,15.23,0,0
2026-03-05T03:19:34+00:00,0,0.01,15.22,0,-0.1
2026-03-05T03:19:34+00:00,-3.09,-0.01,12.14,0,0.1
2026-03-05T03:19:35+00:00,-3.94,-0.01,8.21,0,0
2026-03-05T03:19:35+00:00,3.94,0.02,12.13,1,0
2026-03-05T03:19:35+00:00,0,-0.01,12.14,0,0
2026-03-05T03:19:35+00:00,0,-0.01,12.15,0,0
2026-03-05T03:19:35+00:00,0,0.01,12.14,-1,0
2026-03-05T03:19:36+00:00,-3.94,0,8.2,0,0
2026-03-05T03:19:36+00:00,0,-0.01,8.21,0,0
2026-03-05T03:19:36+00:00,-0.44,-0.01,7.78,0,0
2026-03-05T03:19:36+00:00,0,-0.04,7.82,0,0
2026-03-05T03:19:36+00:00,0,-0.16,7.98,0,0
2026-03-05T03:19:36+00:00,0,-0.01,7.99,0,0
2026-03-05T03:19:36+00:00,0,-0.32,8.31,0,0
2026-03-05T03:19:36+00:00,0,-0.03,8.34,0,0
2026-03-05T03:19:36+00:00,0,-0.17,8.51,0,0
2026-03-05T03:19:36+00:00,0,-0.05,8.56,0,0
2026-03-05T03:19:36+00:00,0,-0.11,8.67,0,0
2026-03-05T03:19:39+00:00,-0.75,0.01,7.91,0,0
2026-03-05T03:19:39+00:00,-0.11,-0.01,7.81,0,0
2026-03-05T03:19:39+00:00,0,0.01,7.8,0,0
2026-03-05T03:19:41+00:00,0.11,-0.01,7.92,0,0
2026-03-05T03:19:41+00:00,0,0.01,7.91,0,0
2026-03-05T03:19:42+00:00,4.45,0,12.36,0,0
2026-03-05T03:19:42+00:00,-2.09,-0.01,10.28,0,0
2026-03-05T03:19:44+00:00,2.09,0,12.37,0,0
2026-03-05T03:19:45+00:00,-0.88,0.01,11.48,0,0
2026-03-05T03:19:45+00:00,0,-0.01,11.49,0,0
2026-03-05T03:19:45+00:00,0,0.01,11.48,0,0
2026-03-05T03:19:45+00:00,0,-0.01,11.49,0,0
2026-03-05T03:19:45+00:00,-0.63,0.01,10.85,0,0
2026-03-05T03:19:46+00:00,0,-0.01,10.86,0,0
2026-03-05T03:19:48+00:00,1.53,-2.64,15.03,0,0
2026-03-05T03:19:48+00:00,0,-0.02,15.05,0,0
2026-03-05T03:19:48+00:00,0,-0.06,15.11,0,0
2026-03-05T03:19:48+00:00,0,-0.23,15.34,0,0
2026-03-05T03:19:48+00:00,-0.97,2.94,11.43,0,0
2026-03-05T03:19:48+00:00,0,-0.06,11.49,0,0
2026-03-05T03:19:48+00:00,0,-0.12,11.61,0,0
2026-03-05T03:19:48+00:00,0,-0.01,11.62,0,0
2026-03-05T03:19:48+00:00,0,-0.44,12.06,0,0
2026-03-05T03:19:48+00:00,0,-0.03,12.09,0,0
2026-03-05T03:19:48+00:00,0.97,-0.25,13.31,0,0
2026-03-05T03:19:48+00:00,0,-0.04,13.35,0,0
2026-03-05T03:19:48+00:00,0,-0.28,13.63,0,0
2026-03-05T03:19:48+00:00,0,-0.02,13.65,0,0
2026-03-05T03:19:48+00:00,0,-0.06,13.71,0,0
2026-03-05T03:19:48+00:00,0,-0.17,13.88,0,0
2026-03-05T03:19:48+00:00,0,-0.01,13.89,0,0
2026-03-05T03:19:48+00:00,0,-0.2,14.09,0,0
2026-03-05T03:19:48+00:00,0,-0.3,14.39,0,0
2026-03-05T03:19:48+00:00,0,-0.62,15.01,0,0
2026-03-05T03:19:48+00:00,0,-0.01,15.02,0,0
2026-03-05T03:19:48+00:00,0,-0.33,15.35,0,0
2026-03-05T03:19:48+00:00,0,-0.01,15.36,0,0
2026-03-05T03:19:48+00:00,0,-0.01,15.37,0,0
2026-03-05T03:19:48+00:00,0,-0.06,15.43,0,0
2026-03-05T03:19:48+00:00,0,-0.16,15.59,0,0
2026-03-05T03:19:48+00:00,0,-0.01,15.6,0,0
2026-03-05T03:19:48+00:00,0,-0.01,15.61,0,0
2026-03-05T03:19:49+00:00,-0.82,-0.01,14.8,0,0
2026-03-05T03:19:49+00:00,0,-0.07,14.87,0,0
2026-03-05T03:19:49+00:00,0,-0.57,15.44,0,0
2026-03-05T03:19:49+00:00,0,-0.01,15.45,0,0
2026-03-05T03:19:49+00:00,0,-0.05,15.5,0,0
2026-03-05T03:19:49+00:00,0,-0.07,15.57,0,0
2026-03-05T03:19:49+00:00,0,-0.18,15.75,0,0
2026-03-05T03:19:49+00:00,0,-0.41,16.16,0,0
2026-03-05T03:19:49+00:00,0,-0.24,16.4,0,0
2026-03-05T03:19:49+00:00,0,-0.46,16.86,0,0
2026-03-05T03:19:50+00:00,-0.85,-0.01,16.02,0,0
2026-03-05T03:19:51+00:00,0,0.01,16.01,0,0
2026-03-05T03:19:52+00:00,-0.65,-0.01,15.37,0,0
2026-03-05T03:19:52+00:00,-0.59,-0.01,14.79,0,0
2026-03-05T03:19:52+00:00,0,-0.01,14.8,0,0
2026-03-05T03:19:52+00:00,0,-0.05,14.85,0,0
2026-03-05T03:19:52+00:00,0,-0.31,15.16,0,0
2026-03-05T03:19:52+00:00,0,-0.32,15.48,0,0
2026-03-05T03:19:52+00:00,0,-0.38,15.86,0,0
2026-03-05T03:19:52+00:00,0,-0.02,15.88,0,0
2026-03-05T03:19:52+00:00,0,-0.31,16.19,0,0
2026-03-05T03:19:52+00:00,0,-0.16,16.35,0,0
2026-03-05T03:19:52+00:00,0,-0.01,16.36,0,0
2026-03-05T03:19:52+00:00,0,-0.21,16.57,0,0
2026-03-05T03:19:52+00:00,0,-0.15,16.72,0,0
2026-03-05T03:19:52+00:00,0,-0.01,16.73,0,0
2026-03-05T03:19:52+00:00,0,-0.01,16.74,0,0
2026-03-05T03:19:52+00:00,0,-0.65,17.39,0,0
2026-03-05T03:19:52+00:00,0,-0.01,17.4,0,0
2026-03-05T03:19:52+00:00,0,-0.04,17.44,0,0
2026-03-05T03:19:52+00:00,0,-0.04,17.48,0,0
2026-03-05T03:19:52+00:00,0,-0.06,17.54,0,0
2026-03-05T03:19:52+00:00,0,-0.15,17.69,0,0
2026-03-05T03:19:52+00:00,0,-0.01,17.7,0,0
2026-03-05T03:19:53+00:00,-1.41,0.01,16.28,0,-0.1
2026-03-05T03:19:55+00:00,-1.75,-0.01,14.54,0,0.1
2026-03-05T03:19:55+00:00,0,0.01,14.53,0,0
2026-03-05T03:19:58+00:00,0.08,0,14.61,0,0
2026-03-05T03:19:58+00:00,-0.09,-0.01,14.53,0,0
2026-03-05T03:19:59+00:00,0.09,0,14.62,0,0
2026-03-05T03:19:59+00:00,0,0.01,14.61,0,0
2026-03-05T03:20:00+00:00,0,-0.01,14.62,0,0
2026-03-05T03:20:00+00:00,0,0.01,14.61,0,0
2026-03-05T03:20:00+00:00,0,-0.01,14.62,0,0
2026-03-05T03:20:01+00:00,-0.17,0.01,14.44,0,-0.1
2026-03-05T03:20:02+00:00,-0.12,-0.01,14.33,0,0.1
2026-03-05T03:20:02+00:00,0,0.01,14.32,0,0
2026-03-05T03:20:02+00:00,0,-0.01,14.33,0,-0.1
2026-03-05T03:20:02+00:00,0,0.01,14.32,0,0
2026-03-05T03:20:02+00:00,0,-0.01,14.33,0,0
