timestamp,coin,price
2026-03-25T00:22:38.306Z,ETH,2153.79000000
2026-03-25T00:22:38.849Z,BTC,70578.47000000
2026-03-25T00:22:38.868Z,ETH,2153.80000000
2026-03-25T00:22:38.870Z,ETH,2153.81000000
2026-03-25T00:22:38.871Z,ETH,2153.83000000
2026-03-25T00:22:38.871Z,ETH,2153.84000000
2026-03-25T00:22:38.873Z,ETH,2153.90000000
2026-03-25T00:22:38.873Z,ETH,2153.91000000
2026-03-25T00:22:38.873Z,ETH,2153.92000000
2026-03-25T00:22:38.874Z,ETH,2153.93000000
2026-03-25T00:22:38.874Z,ETH,2153.94000000
2026-03-25T00:22:38.875Z,ETH,2153.95000000
2026-03-25T00:22:38.875Z,ETH,2153.97000000
2026-03-25T00:22:38.876Z,ETH,2153.98000000
2026-03-25T00:22:38.876Z,ETH,2153.99000000
2026-03-25T00:22:38.876Z,ETH,2154.00000000
2026-03-25T00:22:38.876Z,ETH,2154.02000000
2026-03-25T00:22:38.876Z,ETH,2154.03000000
2026-03-25T00:22:38.948Z,BTC,70578.46000000
2026-03-25T00:22:38.997Z,ETH,2154.04000000
2026-03-25T00:22:39.001Z,ETH,2154.05000000
2026-03-25T00:22:39.515Z,ETH,2154.06000000
2026-03-25T00:22:40.047Z,BTC,70578.47000000
2026-03-25T00:22:40.335Z,BTC,70578.46000000
2026-03-25T00:22:41.602Z,BTC,70578.47000000
2026-03-25T00:22:41.858Z,BTC,70578.46000000
2026-03-25T00:22:41.978Z,BTC,70578.47000000
2026-03-25T00:22:42.472Z,BTC,70578.46000000
2026-03-25T00:22:43.495Z,ETH,2154.07000000
2026-03-25T00:22:43.496Z,ETH,2154.09000000
2026-03-25T00:22:43.496Z,ETH,2154.10000000
2026-03-25T00:22:43.501Z,ETH,2154.12000000
2026-03-25T00:22:43.502Z,ETH,2154.13000000
2026-03-25T00:22:43.503Z,ETH,2154.14000000
2026-03-25T00:22:43.517Z,ETH,2154.15000000
2026-03-25T00:22:43.518Z,ETH,2154.16000000
2026-03-25T00:22:43.518Z,ETH,2154.17000000
2026-03-25T00:22:43.519Z,ETH,2154.18000000
2026-03-25T00:22:43.519Z,ETH,2154.19000000
2026-03-25T00:22:45.115Z,ETH,2154.18000000
2026-03-25T00:22:45.116Z,ETH,2154.17000000
2026-03-25T00:22:45.117Z,ETH,2154.16000000
2026-03-25T00:22:45.117Z,ETH,2154.15000000
2026-03-25T00:22:45.752Z,BTC,70578.47000000
2026-03-25T00:22:46.299Z,BTC,70578.46000000
2026-03-25T00:22:47.794Z,ETH,2154.14000000
2026-03-25T00:22:48.715Z,ETH,2154.15000000
2026-03-25T00:22:48.771Z,ETH,2154.16000000
2026-03-25T00:22:48.771Z,ETH,2154.19000000
2026-03-25T00:22:48.771Z,ETH,2154.20000000
2026-03-25T00:22:48.772Z,ETH,2154.21000000
2026-03-25T00:22:48.773Z,ETH,2154.22000000
2026-03-25T00:22:48.773Z,ETH,2154.25000000
2026-03-25T00:22:48.774Z,ETH,2154.27000000
2026-03-25T00:22:48.774Z,ETH,2154.28000000
2026-03-25T00:22:49.192Z,BTC,70578.47000000
2026-03-25T00:22:49.563Z,BTC,70578.48000000
2026-03-25T00:22:49.563Z,BTC,70578.82000000
2026-03-25T00:22:49.570Z,BTC,70581.16000000
2026-03-25T00:22:49.570Z,ETH,2154.29000000
2026-03-25T00:22:49.571Z,ETH,2154.30000000
2026-03-25T00:22:49.572Z,ETH,2154.33000000
2026-03-25T00:22:49.572Z,ETH,2154.34000000
2026-03-25T00:22:49.573Z,ETH,2154.35000000
2026-03-25T00:22:49.574Z,BTC,70581.17000000
2026-03-25T00:22:49.575Z,BTC,70582.28000000
2026-03-25T00:22:49.575Z,BTC,70582.35000000
2026-03-25T00:22:49.575Z,BTC,70582.39000000
2026-03-25T00:22:49.575Z,BTC,70584.18000000
2026-03-25T00:22:49.575Z,BTC,70584.19000000
2026-03-25T00:22:49.575Z,BTC,70584.78000000
2026-03-25T00:22:49.575Z,BTC,70584.97000000
2026-03-25T00:22:49.575Z,BTC,70585.35000000
2026-03-25T00:22:49.575Z,BTC,70585.44000000
2026-03-25T00:22:49.576Z,BTC,70585.45000000
2026-03-25T00:22:49.576Z,BTC,70585.53000000
2026-03-25T00:22:49.576Z,BTC,70585.76000000
2026-03-25T00:22:49.576Z,BTC,70585.85000000
2026-03-25T00:22:49.696Z,BTC,70585.86000000
2026-03-25T00:22:49.715Z,ETH,2154.36000000
2026-03-25T00:22:49.716Z,ETH,2154.37000000
2026-03-25T00:22:49.717Z,ETH,2154.40000000
2026-03-25T00:22:49.718Z,ETH,2154.41000000
2026-03-25T00:22:50.220Z,ETH,2154.42000000
2026-03-25T00:22:50.221Z,ETH,2154.43000000
2026-03-25T00:22:50.221Z,ETH,2154.44000000
2026-03-25T00:22:50.221Z,ETH,2154.45000000
2026-03-25T00:22:50.222Z,ETH,2154.46000000
2026-03-25T00:22:50.222Z,ETH,2154.48000000
2026-03-25T00:22:50.222Z,ETH,2154.49000000
2026-03-25T00:22:50.222Z,ETH,2154.50000000
2026-03-25T00:22:50.223Z,ETH,2154.51000000
2026-03-25T00:22:50.223Z,ETH,2154.52000000
2026-03-25T00:22:50.223Z,ETH,2154.53000000
2026-03-25T00:22:50.223Z,ETH,2154.54000000
2026-03-25T00:22:50.224Z,ETH,2154.55000000
2026-03-25T00:22:50.224Z,ETH,2154.56000000
2026-03-25T00:22:50.224Z,ETH,2154.57000000
2026-03-25T00:22:50.588Z,BTC,70585.85000000
2026-03-25T00:22:53.652Z,BTC,70585.86000000
2026-03-25T00:22:53.857Z,BTC,70585.85000000
2026-03-25T00:22:57.488Z,BTC,70585.86000000
2026-03-25T00:22:57.911Z,BTC,70585.85000000
2026-03-25T00:22:58.258Z,ETH,2154.58000000
2026-03-25T00:22:58.260Z,ETH,2154.59000000
2026-03-25T00:22:58.260Z,ETH,2154.60000000
2026-03-25T00:22:58.261Z,ETH,2154.62000000
2026-03-25T00:22:58.261Z,ETH,2154.63000000
2026-03-25T00:22:58.261Z,ETH,2154.64000000
2026-03-25T00:22:58.262Z,ETH,2154.65000000
2026-03-25T00:22:58.262Z,ETH,2154.66000000
2026-03-25T00:22:58.263Z,ETH,2154.67000000
2026-03-25T00:22:58.264Z,ETH,2154.68000000
2026-03-25T00:22:58.337Z,BTC,70585.86000000
2026-03-25T00:22:59.999Z,BTC,70585.85000000
2026-03-25T00:23:00.674Z,ETH,2154.69000000
2026-03-25T00:23:00.675Z,ETH,2154.70000000
2026-03-25T00:23:00.676Z,ETH,2154.71000000
2026-03-25T00:23:00.676Z,ETH,2154.73000000
2026-03-25T00:23:01.068Z,ETH,2154.74000000
2026-03-25T00:23:01.094Z,BTC,70585.86000000
2026-03-25T00:23:01.101Z,ETH,2154.75000000
2026-03-25T00:23:01.102Z,ETH,2154.76000000
2026-03-25T00:23:01.102Z,ETH,2154.77000000
2026-03-25T00:23:01.103Z,ETH,2154.78000000
2026-03-25T00:23:01.104Z,ETH,2154.79000000
2026-03-25T00:23:01.104Z,ETH,2154.80000000
2026-03-25T00:23:01.106Z,ETH,2154.81000000
2026-03-25T00:23:01.106Z,BTC,70585.87000000
2026-03-25T00:23:01.107Z,BTC,70586.22000000
2026-03-25T00:23:01.107Z,BTC,70587.10000000
2026-03-25T00:23:01.107Z,BTC,70587.11000000
2026-03-25T00:23:01.107Z,BTC,70587.12000000
2026-03-25T00:23:01.108Z,BTC,70587.27000000
2026-03-25T00:23:01.108Z,ETH,2154.85000000
2026-03-25T00:23:01.108Z,BTC,70587.72000000
2026-03-25T00:23:01.108Z,BTC,70588.42000000
2026-03-25T00:23:01.109Z,BTC,70588.59000000
2026-03-25T00:23:01.120Z,ETH,2154.86000000
2026-03-25T00:23:01.133Z,ETH,2154.87000000
2026-03-25T00:23:01.384Z,BTC,70589.31000000
2026-03-25T00:23:01.566Z,BTC,70589.32000000
2026-03-25T00:23:01.566Z,BTC,70589.41000000
2026-03-25T00:23:01.567Z,BTC,70590.24000000
2026-03-25T00:23:01.578Z,BTC,70590.96000000
2026-03-25T00:23:01.579Z,BTC,70590.97000000
2026-03-25T00:23:01.579Z,BTC,70591.08000000
2026-03-25T00:23:01.579Z,BTC,70591.41000000
2026-03-25T00:23:01.579Z,BTC,70591.81000000
2026-03-25T00:23:01.579Z,BTC,70592.35000000
2026-03-25T00:23:01.579Z,BTC,70592.36000000
2026-03-25T00:23:01.580Z,BTC,70592.40000000
2026-03-25T00:23:01.580Z,BTC,70592.61000000
2026-03-25T00:23:01.580Z,BTC,70592.71000000
2026-03-25T00:23:01.580Z,BTC,70592.88000000
2026-03-25T00:23:01.580Z,BTC,70592.94000000
2026-03-25T00:23:01.580Z,BTC,70593.21000000
2026-03-25T00:23:01.580Z,BTC,70593.30000000
2026-03-25T00:23:01.580Z,BTC,70593.54000000
2026-03-25T00:23:01.580Z,BTC,70593.74000000
2026-03-25T00:23:01.629Z,BTC,70593.75000000
2026-03-25T00:23:01.630Z,BTC,70594.10000000
2026-03-25T00:23:02.359Z,BTC,70594.65000000
2026-03-25T00:23:02.363Z,BTC,70594.66000000
2026-03-25T00:23:02.364Z,BTC,70595.56000000
2026-03-25T00:23:02.416Z,ETH,2154.88000000
2026-03-25T00:23:02.418Z,ETH,2154.89000000
2026-03-25T00:23:02.419Z,ETH,2154.90000000
2026-03-25T00:23:02.419Z,ETH,2154.91000000
2026-03-25T00:23:02.419Z,ETH,2154.92000000
2026-03-25T00:23:02.420Z,ETH,2154.93000000
2026-03-25T00:23:02.420Z,ETH,2154.94000000
2026-03-25T00:23:02.421Z,ETH,2154.96000000
2026-03-25T00:23:02.422Z,ETH,2154.97000000
2026-03-25T00:23:02.422Z,ETH,2154.98000000
2026-03-25T00:23:02.422Z,ETH,2154.99000000
2026-03-25T00:23:02.424Z,ETH,2155.00000000
2026-03-25T00:23:02.475Z,BTC,70595.57000000
2026-03-25T00:23:02.532Z,ETH,2155.01000000
2026-03-25T00:23:02.533Z,ETH,2155.03000000
2026-03-25T00:23:02.533Z,ETH,2155.04000000
2026-03-25T00:23:02.534Z,ETH,2155.05000000
2026-03-25T00:23:02.536Z,ETH,2155.07000000
2026-03-25T00:23:02.538Z,ETH,2155.08000000
2026-03-25T00:23:02.541Z,ETH,2155.09000000
2026-03-25T00:23:02.541Z,ETH,2155.10000000
2026-03-25T00:23:02.584Z,BTC,70596.40000000
2026-03-25T00:23:02.584Z,ETH,2155.11000000
2026-03-25T00:23:02.585Z,ETH,2155.13000000
2026-03-25T00:23:02.585Z,ETH,2155.14000000
2026-03-25T00:23:02.586Z,ETH,2155.15000000
2026-03-25T00:23:02.586Z,BTC,70596.41000000
2026-03-25T00:23:02.587Z,BTC,70596.82000000
2026-03-25T00:23:02.587Z,BTC,70596.93000000
2026-03-25T00:23:02.588Z,BTC,70597.17000000
2026-03-25T00:23:02.639Z,BTC,70597.75000000
2026-03-25T00:23:02.642Z,BTC,70597.76000000
2026-03-25T00:23:02.667Z,BTC,70598.72000000
2026-03-25T00:23:02.773Z,ETH,2155.16000000
2026-03-25T00:23:02.773Z,ETH,2155.18000000
2026-03-25T00:23:02.773Z,ETH,2155.19000000
2026-03-25T00:23:02.774Z,ETH,2155.20000000
2026-03-25T00:23:02.774Z,ETH,2155.21000000
2026-03-25T00:23:02.774Z,ETH,2155.22000000
2026-03-25T00:23:03.734Z,BTC,70598.73000000
2026-03-25T00:23:04.077Z,BTC,70598.72000000
2026-03-25T00:23:04.109Z,BTC,70598.73000000
2026-03-25T00:23:04.195Z,BTC,70598.74000000
2026-03-25T00:23:04.195Z,BTC,70599.04000000
2026-03-25T00:23:04.195Z,BTC,70599.06000000
2026-03-25T00:23:04.195Z,BTC,70599.09000000
2026-03-25T00:23:04.195Z,BTC,70599.75000000
2026-03-25T00:23:04.196Z,BTC,70599.86000000
2026-03-25T00:23:04.196Z,BTC,70600.00000000
2026-03-25T00:23:04.196Z,BTC,70600.01000000
2026-03-25T00:23:04.196Z,BTC,70600.69000000
2026-03-25T00:23:04.196Z,BTC,70601.16000000
2026-03-25T00:23:04.196Z,BTC,70601.72000000
2026-03-25T00:23:04.196Z,BTC,70602.00000000
2026-03-25T00:23:04.196Z,BTC,70602.02000000
2026-03-25T00:23:04.196Z,BTC,70602.19000000
2026-03-25T00:23:04.196Z,BTC,70603.40000000
2026-03-25T00:23:04.197Z,BTC,70603.43000000
2026-03-25T00:23:04.197Z,BTC,70603.44000000
2026-03-25T00:23:06.894Z,ETH,2155.23000000
2026-03-25T00:23:06.895Z,ETH,2155.24000000
2026-03-25T00:23:06.895Z,ETH,2155.25000000
2026-03-25T00:23:06.895Z,ETH,2155.26000000
2026-03-25T00:23:06.896Z,ETH,2155.29000000
2026-03-25T00:23:06.896Z,ETH,2155.30000000
2026-03-25T00:23:06.897Z,ETH,2155.31000000
2026-03-25T00:23:06.897Z,ETH,2155.32000000
2026-03-25T00:23:06.899Z,ETH,2155.33000000
2026-03-25T00:23:07.005Z,BTC,70603.43000000
2026-03-25T00:23:07.146Z,ETH,2155.34000000
2026-03-25T00:23:07.146Z,ETH,2155.35000000
2026-03-25T00:23:07.146Z,ETH,2155.39000000
2026-03-25T00:23:07.147Z,ETH,2155.40000000
2026-03-25T00:23:07.147Z,ETH,2155.41000000
2026-03-25T00:23:07.147Z,ETH,2155.42000000
2026-03-25T00:23:07.147Z,ETH,2155.43000000
2026-03-25T00:23:07.147Z,ETH,2155.44000000
2026-03-25T00:23:07.147Z,ETH,2155.47000000
2026-03-25T00:23:07.147Z,ETH,2155.48000000
2026-03-25T00:23:07.147Z,ETH,2155.49000000
2026-03-25T00:23:07.147Z,ETH,2155.50000000
2026-03-25T00:23:07.148Z,ETH,2155.51000000
2026-03-25T00:23:07.148Z,ETH,2155.52000000
2026-03-25T00:23:07.148Z,ETH,2155.53000000
2026-03-25T00:23:07.148Z,ETH,2155.54000000
2026-03-25T00:23:07.148Z,ETH,2155.57000000
2026-03-25T00:23:07.148Z,ETH,2155.58000000
2026-03-25T00:23:07.148Z,ETH,2155.59000000
2026-03-25T00:23:07.148Z,ETH,2155.60000000
2026-03-25T00:23:07.148Z,ETH,2155.62000000
2026-03-25T00:23:07.149Z,ETH,2155.63000000
2026-03-25T00:23:07.149Z,ETH,2155.64000000
2026-03-25T00:23:07.149Z,ETH,2155.65000000
2026-03-25T00:23:07.149Z,ETH,2155.66000000
2026-03-25T00:23:07.149Z,ETH,2155.67000000
2026-03-25T00:23:07.281Z,BTC,70603.44000000
2026-03-25T00:23:08.728Z,BTC,70603.43000000
2026-03-25T00:23:08.920Z,BTC,70603.44000000
2026-03-25T00:23:12.667Z,BTC,70603.43000000
2026-03-25T00:23:13.057Z,BTC,70603.44000000
2026-03-25T00:23:14.520Z,ETH,2155.66000000
2026-03-25T00:23:15.613Z,BTC,70603.43000000
2026-03-25T00:23:17.525Z,ETH,2155.67000000
2026-03-25T00:23:17.630Z,BTC,70603.44000000
2026-03-25T00:23:17.850Z,ETH,2155.66000000
2026-03-25T00:23:20.043Z,BTC,70603.43000000
2026-03-25T00:23:20.102Z,ETH,2155.67000000
2026-03-25T00:23:20.343Z,ETH,2155.68000000
2026-03-25T00:23:20.344Z,ETH,2155.70000000
2026-03-25T00:23:20.344Z,ETH,2155.71000000
2026-03-25T00:23:20.345Z,ETH,2155.72000000
2026-03-25T00:23:20.345Z,ETH,2155.73000000
2026-03-25T00:23:20.345Z,ETH,2155.74000000
2026-03-25T00:23:20.385Z,BTC,70603.44000000
2026-03-25T00:23:20.558Z,BTC,70603.43000000
2026-03-25T00:23:20.897Z,ETH,2155.73000000
2026-03-25T00:23:21.210Z,ETH,2155.74000000
2026-03-25T00:23:22.208Z,BTC,70603.44000000
2026-03-25T00:23:22.340Z,BTC,70603.43000000
2026-03-25T00:23:22.341Z,ETH,2155.73000000
2026-03-25T00:23:22.344Z,ETH,2155.72000000
2026-03-25T00:23:22.345Z,ETH,2155.71000000
2026-03-25T00:23:22.345Z,ETH,2155.70000000
2026-03-25T00:23:22.346Z,ETH,2155.69000000
2026-03-25T00:23:22.346Z,ETH,2155.68000000
2026-03-25T00:23:22.346Z,ETH,2155.67000000
2026-03-25T00:23:22.346Z,ETH,2155.66000000
2026-03-25T00:23:22.346Z,BTC,70603.42000000
2026-03-25T00:23:22.347Z,BTC,70603.40000000
2026-03-25T00:23:22.347Z,BTC,70602.38000000
2026-03-25T00:23:22.348Z,BTC,70601.87000000
2026-03-25T00:23:22.348Z,BTC,70600.30000000
2026-03-25T00:23:22.348Z,BTC,70600.00000000
2026-03-25T00:23:22.348Z,BTC,70599.99000000
2026-03-25T00:23:22.348Z,BTC,70599.05000000
2026-03-25T00:23:22.349Z,ETH,2155.65000000
2026-03-25T00:23:22.349Z,BTC,70598.93000000
2026-03-25T00:23:22.349Z,ETH,2155.64000000
2026-03-25T00:23:22.349Z,BTC,70598.74000000
2026-03-25T00:23:22.350Z,ETH,2155.63000000
2026-03-25T00:23:22.350Z,ETH,2155.62000000
2026-03-25T00:23:22.350Z,BTC,70598.73000000
2026-03-25T00:23:22.350Z,BTC,70598.72000000
2026-03-25T00:23:22.350Z,ETH,2155.60000000
2026-03-25T00:23:22.350Z,ETH,2155.57000000
2026-03-25T00:23:22.351Z,BTC,70598.48000000
2026-03-25T00:23:22.351Z,BTC,70598.22000000
2026-03-25T00:23:22.351Z,BTC,70597.85000000
2026-03-25T00:23:22.351Z,BTC,70597.84000000
2026-03-25T00:23:22.352Z,BTC,70597.74000000
2026-03-25T00:23:22.352Z,BTC,70597.18000000
2026-03-25T00:23:22.369Z,ETH,2155.56000000
2026-03-25T00:23:22.421Z,ETH,2155.55000000
2026-03-25T00:23:22.422Z,ETH,2155.54000000
2026-03-25T00:23:22.423Z,ETH,2155.51000000
2026-03-25T00:23:22.423Z,ETH,2155.50000000
2026-03-25T00:23:22.424Z,ETH,2155.49000000
2026-03-25T00:23:22.425Z,ETH,2155.48000000
2026-03-25T00:23:22.425Z,ETH,2155.47000000
2026-03-25T00:23:22.426Z,ETH,2155.44000000
2026-03-25T00:23:22.426Z,ETH,2155.43000000
2026-03-25T00:23:22.427Z,ETH,2155.42000000
2026-03-25T00:23:23.532Z,BTC,70597.19000000
2026-03-25T00:23:23.941Z,ETH,2155.43000000
2026-03-25T00:23:23.942Z,ETH,2155.44000000
2026-03-25T00:23:23.991Z,ETH,2155.49000000
2026-03-25T00:23:24.000Z,ETH,2155.50000000
2026-03-25T00:23:24.002Z,ETH,2155.51000000
2026-03-25T00:23:24.002Z,ETH,2155.52000000
2026-03-25T00:23:24.004Z,BTC,70597.20000000
2026-03-25T00:23:24.004Z,BTC,70597.23000000
2026-03-25T00:23:24.004Z,BTC,70597.24000000
2026-03-25T00:23:24.004Z,BTC,70597.25000000
2026-03-25T00:23:24.005Z,BTC,70597.53000000
2026-03-25T00:23:24.009Z,BTC,70598.34000000
2026-03-25T00:23:24.009Z,ETH,2155.55000000
2026-03-25T00:23:24.010Z,BTC,70598.49000000
2026-03-25T00:23:24.010Z,BTC,70598.74000000
2026-03-25T00:23:24.010Z,BTC,70598.76000000
2026-03-25T00:23:24.010Z,ETH,2155.56000000
2026-03-25T00:23:24.011Z,ETH,2155.57000000
2026-03-25T00:23:24.012Z,ETH,2155.58000000
2026-03-25T00:23:24.020Z,ETH,2155.59000000
2026-03-25T00:23:24.025Z,ETH,2155.60000000
2026-03-25T00:23:24.032Z,ETH,2155.62000000
2026-03-25T00:23:24.033Z,ETH,2155.63000000
2026-03-25T00:23:24.042Z,ETH,2155.64000000
2026-03-25T00:23:24.057Z,BTC,70599.04000000
2026-03-25T00:23:24.059Z,BTC,70599.05000000
2026-03-25T00:23:24.059Z,BTC,70599.06000000
2026-03-25T00:23:24.081Z,BTC,70600.00000000
2026-03-25T00:23:24.082Z,ETH,2155.65000000
2026-03-25T00:23:24.082Z,ETH,2155.66000000
2026-03-25T00:23:24.082Z,ETH,2155.67000000
2026-03-25T00:23:24.083Z,ETH,2155.68000000
2026-03-25T00:23:24.083Z,ETH,2155.69000000
2026-03-25T00:23:24.083Z,ETH,2155.70000000
2026-03-25T00:23:24.083Z,BTC,70600.01000000
2026-03-25T00:23:24.083Z,ETH,2155.73000000
2026-03-25T00:23:24.083Z,BTC,70601.09000000
2026-03-25T00:23:24.083Z,BTC,70602.14000000
2026-03-25T00:23:24.083Z,BTC,70602.39000000
2026-03-25T00:23:24.084Z,ETH,2155.74000000
2026-03-25T00:23:24.084Z,BTC,70602.60000000
2026-03-25T00:23:24.084Z,BTC,70602.61000000
2026-03-25T00:23:24.084Z,BTC,70603.32000000
2026-03-25T00:23:24.084Z,BTC,70603.44000000
2026-03-25T00:23:24.084Z,ETH,2155.75000000
2026-03-25T00:23:24.085Z,BTC,70603.53000000
2026-03-25T00:23:24.085Z,BTC,70603.75000000
2026-03-25T00:23:24.085Z,BTC,70603.76000000
2026-03-25T00:23:24.085Z,ETH,2155.76000000
2026-03-25T00:23:24.085Z,BTC,70603.78000000
2026-03-25T00:23:24.085Z,BTC,70603.84000000
2026-03-25T00:23:24.085Z,BTC,70604.00000000
2026-03-25T00:23:24.085Z,ETH,2155.77000000
2026-03-25T00:23:24.085Z,BTC,70604.38000000
2026-03-25T00:23:24.085Z,BTC,70605.00000000
2026-03-25T00:23:24.085Z,BTC,70605.86000000
2026-03-25T00:23:24.085Z,BTC,70605.87000000
2026-03-25T00:23:24.085Z,ETH,2155.78000000
2026-03-25T00:23:24.085Z,BTC,70605.95000000
2026-03-25T00:23:24.086Z,ETH,2155.79000000
2026-03-25T00:23:24.370Z,BTC,70605.99000000
2026-03-25T00:23:24.570Z,ETH,2155.80000000
2026-03-25T00:23:24.573Z,ETH,2155.81000000
2026-03-25T00:23:24.574Z,ETH,2155.82000000
2026-03-25T00:23:24.574Z,ETH,2155.83000000
2026-03-25T00:23:24.575Z,ETH,2155.84000000
2026-03-25T00:23:24.575Z,ETH,2155.85000000
2026-03-25T00:23:24.575Z,ETH,2155.86000000
2026-03-25T00:23:24.576Z,ETH,2155.87000000
2026-03-25T00:23:24.576Z,ETH,2155.89000000
2026-03-25T00:23:24.576Z,ETH,2155.90000000
2026-03-25T00:23:24.870Z,ETH,2155.92000000
2026-03-25T00:23:28.343Z,BTC,70606.00000000
2026-03-25T00:23:29.125Z,BTC,70605.99000000
2026-03-25T00:23:29.189Z,BTC,70606.00000000
2026-03-25T00:23:29.719Z,ETH,2155.91000000
2026-03-25T00:23:29.771Z,ETH,2155.90000000
2026-03-25T00:23:29.775Z,ETH,2155.89000000
2026-03-25T00:23:29.778Z,ETH,2155.88000000
2026-03-25T00:23:29.788Z,ETH,2155.87000000
2026-03-25T00:23:29.788Z,ETH,2155.86000000
2026-03-25T00:23:29.790Z,ETH,2155.85000000
2026-03-25T00:23:29.791Z,ETH,2155.84000000
2026-03-25T00:23:29.793Z,ETH,2155.83000000
2026-03-25T00:23:29.793Z,ETH,2155.82000000
2026-03-25T00:23:29.793Z,ETH,2155.81000000
2026-03-25T00:23:29.793Z,ETH,2155.80000000
2026-03-25T00:23:29.794Z,ETH,2155.79000000
2026-03-25T00:23:30.187Z,BTC,70605.99000000
2026-03-25T00:23:31.060Z,ETH,2155.78000000
2026-03-25T00:23:31.062Z,ETH,2155.77000000
2026-03-25T00:23:31.062Z,ETH,2155.76000000
2026-03-25T00:23:31.063Z,BTC,70605.98000000
2026-03-25T00:23:31.063Z,ETH,2155.75000000
2026-03-25T00:23:31.063Z,BTC,70605.31000000
2026-03-25T00:23:31.070Z,ETH,2155.74000000
2026-03-25T00:23:31.071Z,ETH,2155.73000000
2026-03-25T00:23:31.071Z,ETH,2155.72000000
2026-03-25T00:23:31.072Z,ETH,2155.71000000
2026-03-25T00:23:31.072Z,ETH,2155.70000000
2026-03-25T00:23:31.073Z,ETH,2155.69000000
2026-03-25T00:23:31.073Z,ETH,2155.68000000
2026-03-25T00:23:31.074Z,ETH,2155.67000000
2026-03-25T00:23:31.074Z,ETH,2155.66000000
2026-03-25T00:23:31.109Z,BTC,70603.53000000
2026-03-25T00:23:31.120Z,ETH,2155.65000000
2026-03-25T00:23:31.120Z,ETH,2155.64000000
2026-03-25T00:23:31.121Z,ETH,2155.63000000
2026-03-25T00:23:31.121Z,ETH,2155.62000000
2026-03-25T00:23:31.121Z,ETH,2155.61000000
2026-03-25T00:23:31.121Z,ETH,2155.60000000
2026-03-25T00:23:31.121Z,ETH,2155.59000000
2026-03-25T00:23:31.121Z,ETH,2155.58000000
2026-03-25T00:23:31.122Z,ETH,2155.57000000
2026-03-25T00:23:31.122Z,ETH,2155.56000000
2026-03-25T00:23:31.122Z,ETH,2155.55000000
2026-03-25T00:23:31.381Z,BTC,70603.54000000
2026-03-25T00:23:31.676Z,BTC,70603.53000000
2026-03-25T00:23:31.822Z,BTC,70603.54000000
2026-03-25T00:23:33.075Z,BTC,70603.53000000
2026-03-25T00:23:33.906Z,ETH,2155.54000000
2026-03-25T00:23:34.002Z,BTC,70603.54000000
2026-03-25T00:23:34.171Z,BTC,70603.53000000
2026-03-25T00:23:39.468Z,ETH,2155.55000000
2026-03-25T00:23:39.469Z,ETH,2155.56000000
2026-03-25T00:23:40.021Z,BTC,70603.54000000
2026-03-25T00:23:42.061Z,ETH,2155.57000000
2026-03-25T00:23:42.243Z,BTC,70603.53000000
2026-03-25T00:23:42.328Z,BTC,70603.54000000
2026-03-25T00:23:43.389Z,BTC,70603.53000000
2026-03-25T00:23:43.614Z,ETH,2155.58000000
2026-03-25T00:23:43.614Z,ETH,2155.59000000
2026-03-25T00:23:43.614Z,ETH,2155.60000000
2026-03-25T00:23:43.614Z,ETH,2155.61000000
2026-03-25T00:23:43.670Z,BTC,70603.54000000
2026-03-25T00:23:43.680Z,BTC,70603.55000000
2026-03-25T00:23:43.681Z,BTC,70605.00000000
2026-03-25T00:23:43.681Z,BTC,70605.05000000
2026-03-25T00:23:43.681Z,BTC,70605.06000000
2026-03-25T00:23:43.924Z,BTC,70605.07000000
2026-03-25T00:23:44.074Z,ETH,2155.65000000
2026-03-25T00:23:44.223Z,BTC,70605.06000000
2026-03-25T00:23:44.536Z,BTC,70605.07000000
2026-03-25T00:23:44.578Z,BTC,70605.06000000
2026-03-25T00:23:45.190Z,BTC,70605.07000000
2026-03-25T00:23:46.122Z,BTC,70605.08000000
2026-03-25T00:23:46.123Z,BTC,70605.30000000
2026-03-25T00:23:46.123Z,BTC,70605.72000000
2026-03-25T00:23:46.123Z,BTC,70605.99000000
2026-03-25T00:23:46.124Z,BTC,70606.00000000
2026-03-25T00:23:46.124Z,BTC,70606.08000000
2026-03-25T00:23:46.124Z,BTC,70606.39000000
2026-03-25T00:23:46.124Z,BTC,70606.40000000
2026-03-25T00:23:46.124Z,BTC,70606.62000000
2026-03-25T00:23:46.125Z,BTC,70606.63000000
2026-03-25T00:23:46.125Z,BTC,70606.67000000
2026-03-25T00:23:46.125Z,BTC,70606.79000000
2026-03-25T00:23:46.125Z,BTC,70606.85000000
2026-03-25T00:23:46.125Z,BTC,70607.00000000
2026-03-25T00:23:46.125Z,BTC,70607.04000000
2026-03-25T00:23:46.125Z,BTC,70607.06000000
2026-03-25T00:23:46.125Z,BTC,70607.32000000
2026-03-25T00:23:46.125Z,BTC,70607.65000000
2026-03-25T00:23:46.125Z,BTC,70607.73000000
2026-03-25T00:23:46.125Z,BTC,70608.00000000
2026-03-25T00:23:46.126Z,BTC,70608.20000000
2026-03-25T00:23:46.126Z,BTC,70609.28000000
2026-03-25T00:23:46.126Z,BTC,70609.60000000
2026-03-25T00:23:46.191Z,BTC,70609.61000000
2026-03-25T00:23:46.551Z,BTC,70609.60000000
2026-03-25T00:23:49.179Z,BTC,70609.61000000
2026-03-25T00:23:51.342Z,BTC,70609.60000000
2026-03-25T00:23:51.525Z,ETH,2155.64000000
2026-03-25T00:23:51.525Z,ETH,2155.62000000
2026-03-25T00:23:51.525Z,ETH,2155.61000000
2026-03-25T00:23:51.526Z,ETH,2155.60000000
2026-03-25T00:23:51.526Z,ETH,2155.59000000
2026-03-25T00:23:51.527Z,ETH,2155.58000000
2026-03-25T00:23:51.527Z,ETH,2155.57000000
2026-03-25T00:23:51.527Z,ETH,2155.56000000
2026-03-25T00:23:51.527Z,ETH,2155.55000000
2026-03-25T00:23:55.557Z,BTC,70609.61000000
2026-03-25T00:23:55.700Z,BTC,70609.60000000
2026-03-25T00:23:56.173Z,BTC,70609.61000000
2026-03-25T00:23:56.179Z,BTC,70609.62000000
2026-03-25T00:23:56.179Z,BTC,70609.70000000
2026-03-25T00:23:56.179Z,BTC,70609.94000000
2026-03-25T00:23:56.179Z,BTC,70609.95000000
2026-03-25T00:23:56.180Z,BTC,70609.98000000
2026-03-25T00:23:56.180Z,BTC,70609.99000000
2026-03-25T00:23:56.180Z,BTC,70610.00000000
2026-03-25T00:23:56.181Z,BTC,70610.01000000
2026-03-25T00:23:56.186Z,BTC,70610.59000000
2026-03-25T00:23:56.187Z,BTC,70610.60000000
2026-03-25T00:23:56.194Z,BTC,70611.77000000
2026-03-25T00:23:56.195Z,BTC,70611.78000000
2026-03-25T00:23:56.196Z,BTC,70611.79000000
2026-03-25T00:23:56.216Z,BTC,70612.00000000
2026-03-25T00:23:56.218Z,BTC,70612.01000000
2026-03-25T00:23:56.218Z,BTC,70612.07000000
2026-03-25T00:23:56.218Z,BTC,70612.36000000
2026-03-25T00:23:56.218Z,BTC,70612.42000000
2026-03-25T00:23:56.218Z,BTC,70612.49000000
2026-03-25T00:23:56.219Z,BTC,70612.60000000
2026-03-25T00:23:56.233Z,BTC,70612.95000000
2026-03-25T00:23:56.234Z,BTC,70612.96000000
2026-03-25T00:23:56.235Z,BTC,70612.97000000
2026-03-25T00:23:56.235Z,BTC,70613.07000000
2026-03-25T00:23:56.235Z,BTC,70613.67000000
2026-03-25T00:23:56.236Z,BTC,70613.76000000
2026-03-25T00:23:56.236Z,BTC,70614.00000000
2026-03-25T00:23:56.236Z,BTC,70614.12000000
2026-03-25T00:23:56.236Z,BTC,70614.57000000
2026-03-25T00:23:56.236Z,BTC,70614.58000000
2026-03-25T00:23:56.236Z,BTC,70614.67000000
2026-03-25T00:23:56.236Z,BTC,70614.81000000
2026-03-25T00:23:56.236Z,BTC,70615.02000000
2026-03-25T00:23:56.506Z,BTC,70615.23000000
2026-03-25T00:23:58.629Z,ETH,2155.54000000
2026-03-25T00:23:59.466Z,BTC,70615.22000000
2026-03-25T00:24:00.166Z,BTC,70615.23000000
2026-03-25T00:24:00.665Z,ETH,2155.55000000
2026-03-25T00:24:01.363Z,BTC,70615.22000000
2026-03-25T00:24:02.061Z,BTC,70615.23000000
2026-03-25T00:24:02.207Z,BTC,70615.22000000
2026-03-25T00:24:02.733Z,BTC,70615.23000000
2026-03-25T00:24:03.412Z,BTC,70615.22000000
2026-03-25T00:24:04.190Z,BTC,70615.23000000
2026-03-25T00:24:06.600Z,ETH,2155.54000000
2026-03-25T00:24:06.720Z,BTC,70615.22000000
2026-03-25T00:24:07.908Z,BTC,70615.23000000
2026-03-25T00:24:08.036Z,ETH,2155.53000000
2026-03-25T00:24:08.037Z,ETH,2155.52000000
2026-03-25T00:24:08.038Z,ETH,2155.51000000
2026-03-25T00:24:08.038Z,ETH,2155.50000000
2026-03-25T00:24:08.039Z,ETH,2155.49000000
2026-03-25T00:24:08.366Z,BTC,70615.22000000
2026-03-25T00:24:10.220Z,ETH,2155.48000000
2026-03-25T00:24:14.068Z,ETH,2155.47000000
2026-03-25T00:24:14.069Z,ETH,2155.46000000
2026-03-25T00:24:14.069Z,ETH,2155.45000000
2026-03-25T00:24:14.069Z,ETH,2155.44000000
2026-03-25T00:24:14.069Z,ETH,2155.43000000
2026-03-25T00:24:14.069Z,ETH,2155.42000000
2026-03-25T00:24:14.792Z,ETH,2155.41000000
2026-03-25T00:24:14.897Z,BTC,70615.23000000
2026-03-25T00:24:14.945Z,ETH,2155.40000000
2026-03-25T00:24:14.946Z,ETH,2155.39000000
2026-03-25T00:24:14.947Z,ETH,2155.38000000
2026-03-25T00:24:14.971Z,ETH,2155.37000000
2026-03-25T00:24:15.053Z,ETH,2155.36000000
2026-03-25T00:24:15.054Z,ETH,2155.35000000
2026-03-25T00:24:15.054Z,ETH,2155.34000000
2026-03-25T00:24:15.055Z,ETH,2155.33000000
2026-03-25T00:24:15.055Z,ETH,2155.32000000
2026-03-25T00:24:15.055Z,ETH,2155.30000000
2026-03-25T00:24:15.055Z,ETH,2155.29000000
2026-03-25T00:24:15.056Z,ETH,2155.28000000
2026-03-25T00:24:15.056Z,ETH,2155.27000000
2026-03-25T00:24:15.056Z,ETH,2155.26000000
2026-03-25T00:24:15.065Z,ETH,2155.25000000
2026-03-25T00:24:15.066Z,ETH,2155.24000000
2026-03-25T00:24:15.066Z,ETH,2155.23000000
2026-03-25T00:24:15.066Z,ETH,2155.22000000
2026-03-25T00:24:15.067Z,ETH,2155.21000000
2026-03-25T00:24:15.067Z,ETH,2155.20000000
2026-03-25T00:24:15.067Z,ETH,2155.19000000
2026-03-25T00:24:15.067Z,ETH,2155.18000000
2026-03-25T00:24:15.067Z,ETH,2155.17000000
2026-03-25T00:24:15.067Z,ETH,2155.15000000
2026-03-25T00:24:15.676Z,ETH,2155.14000000
2026-03-25T00:24:15.678Z,ETH,2155.13000000
2026-03-25T00:24:15.679Z,ETH,2155.12000000
2026-03-25T00:24:15.681Z,ETH,2155.11000000
2026-03-25T00:24:15.681Z,ETH,2155.10000000
2026-03-25T00:24:15.701Z,ETH,2155.08000000
2026-03-25T00:24:15.702Z,ETH,2155.07000000
2026-03-25T00:24:15.702Z,ETH,2155.05000000
2026-03-25T00:24:15.703Z,ETH,2155.04000000
2026-03-25T00:24:15.704Z,ETH,2155.02000000
2026-03-25T00:24:15.704Z,ETH,2155.01000000
2026-03-25T00:24:15.704Z,ETH,2155.00000000
2026-03-25T00:24:15.705Z,ETH,2154.99000000
2026-03-25T00:24:15.717Z,ETH,2154.98000000
2026-03-25T00:24:15.719Z,ETH,2154.97000000
2026-03-25T00:24:15.719Z,ETH,2154.96000000
2026-03-25T00:24:15.720Z,ETH,2154.95000000
2026-03-25T00:24:15.720Z,ETH,2154.94000000
2026-03-25T00:24:15.720Z,ETH,2154.93000000
2026-03-25T00:24:15.721Z,ETH,2154.91000000
2026-03-25T00:24:15.721Z,ETH,2154.90000000
2026-03-25T00:24:15.722Z,ETH,2154.89000000
2026-03-25T00:24:15.722Z,ETH,2154.88000000
2026-03-25T00:24:15.722Z,ETH,2154.87000000
2026-03-25T00:24:15.787Z,ETH,2154.86000000
2026-03-25T00:24:15.788Z,ETH,2154.85000000
2026-03-25T00:24:15.788Z,ETH,2154.84000000
2026-03-25T00:24:15.789Z,ETH,2154.83000000
2026-03-25T00:24:15.789Z,ETH,2154.82000000
2026-03-25T00:24:15.789Z,ETH,2154.80000000
2026-03-25T00:24:17.120Z,BTC,70615.22000000
2026-03-25T00:24:17.153Z,BTC,70615.23000000
2026-03-25T00:24:18.746Z,BTC,70615.22000000
2026-03-25T00:24:18.762Z,BTC,70615.23000000
2026-03-25T00:24:20.822Z,BTC,70615.22000000
2026-03-25T00:24:21.011Z,ETH,2154.79000000
2026-03-25T00:24:21.683Z,BTC,70615.23000000
2026-03-25T00:24:22.716Z,BTC,70615.22000000
2026-03-25T00:24:24.194Z,BTC,70615.23000000
2026-03-25T00:24:24.355Z,BTC,70615.22000000
2026-03-25T00:24:24.374Z,BTC,70615.23000000
2026-03-25T00:24:24.567Z,BTC,70615.22000000
2026-03-25T00:24:24.570Z,BTC,70615.21000000
2026-03-25T00:24:24.570Z,BTC,70614.54000000
2026-03-25T00:24:24.570Z,BTC,70614.37000000
2026-03-25T00:24:25.081Z,ETH,2154.80000000
2026-03-25T00:24:28.549Z,BTC,70614.36000000
2026-03-25T00:24:28.757Z,ETH,2154.79000000
2026-03-25T00:24:29.188Z,BTC,70614.37000000
2026-03-25T00:24:29.396Z,BTC,70614.36000000
2026-03-25T00:24:29.682Z,ETH,2154.80000000
2026-03-25T00:24:30.517Z,BTC,70614.35000000
2026-03-25T00:24:30.517Z,BTC,70614.12000000
2026-03-25T00:24:30.518Z,BTC,70613.84000000
2026-03-25T00:24:32.813Z,BTC,70613.12000000
2026-03-25T00:24:33.506Z,BTC,70613.13000000
2026-03-25T00:24:33.768Z,BTC,70613.12000000
2026-03-25T00:24:33.771Z,BTC,70613.11000000
2026-03-25T00:24:33.771Z,BTC,70612.94000000
2026-03-25T00:24:33.771Z,BTC,70612.60000000
2026-03-25T00:24:33.772Z,BTC,70612.59000000
2026-03-25T00:24:33.773Z,BTC,70612.38000000
2026-03-25T00:24:33.773Z,BTC,70612.08000000
2026-03-25T00:24:33.773Z,BTC,70612.07000000
2026-03-25T00:24:33.781Z,BTC,70612.06000000
2026-03-25T00:24:33.782Z,BTC,70612.05000000
2026-03-25T00:24:33.782Z,BTC,70611.99000000
2026-03-25T00:24:33.782Z,BTC,70611.90000000
2026-03-25T00:24:33.782Z,BTC,70611.76000000
2026-03-25T00:24:33.869Z,BTC,70611.46000000
2026-03-25T00:24:33.870Z,BTC,70611.45000000
2026-03-25T00:24:33.870Z,BTC,70611.31000000
2026-03-25T00:24:33.871Z,BTC,70611.20000000
2026-03-25T00:24:33.871Z,BTC,70611.02000000
2026-03-25T00:24:33.871Z,BTC,70610.61000000
2026-03-25T00:24:33.871Z,BTC,70610.60000000
2026-03-25T00:24:33.871Z,BTC,70610.59000000
2026-03-25T00:24:33.871Z,BTC,70610.27000000
2026-03-25T00:24:33.871Z,BTC,70610.15000000
2026-03-25T00:24:33.871Z,BTC,70610.14000000
2026-03-25T00:24:33.871Z,BTC,70610.13000000
2026-03-25T00:24:33.871Z,BTC,70609.94000000
2026-03-25T00:24:33.872Z,BTC,70609.93000000
2026-03-25T00:24:33.872Z,BTC,70609.88000000
2026-03-25T00:24:33.872Z,BTC,70609.70000000
2026-03-25T00:24:33.872Z,BTC,70609.61000000
2026-03-25T00:24:33.919Z,BTC,70609.60000000
2026-03-25T00:24:33.920Z,BTC,70609.59000000
2026-03-25T00:24:33.920Z,BTC,70607.66000000
2026-03-25T00:24:33.920Z,BTC,70607.24000000
2026-03-25T00:24:33.920Z,BTC,70607.06000000
2026-03-25T00:24:33.920Z,BTC,70607.04000000
2026-03-25T00:24:34.097Z,BTC,70605.44000000
2026-03-25T00:24:35.434Z,ETH,2154.79000000
2026-03-25T00:24:36.041Z,ETH,2154.80000000
2026-03-25T00:24:39.642Z,BTC,70605.43000000
2026-03-25T00:24:39.642Z,BTC,70605.44000000
2026-03-25T00:24:39.700Z,ETH,2154.79000000
2026-03-25T00:24:39.725Z,BTC,70605.43000000
2026-03-25T00:24:40.798Z,BTC,70605.44000000
2026-03-25T00:24:40.871Z,BTC,70605.43000000
2026-03-25T00:24:41.023Z,ETH,2154.80000000
2026-03-25T00:24:41.321Z,BTC,70605.44000000
2026-03-25T00:24:42.652Z,BTC,70605.43000000
2026-03-25T00:24:42.708Z,BTC,70605.44000000
2026-03-25T00:24:43.653Z,BTC,70605.43000000
2026-03-25T00:24:43.955Z,ETH,2154.79000000
2026-03-25T00:24:45.006Z,BTC,70605.44000000
2026-03-25T00:24:45.282Z,ETH,2154.78000000
2026-03-25T00:24:45.300Z,ETH,2154.77000000
2026-03-25T00:24:45.336Z,ETH,2154.78000000
2026-03-25T00:24:45.513Z,ETH,2154.77000000
2026-03-25T00:24:45.528Z,ETH,2154.76000000
2026-03-25T00:24:45.530Z,ETH,2154.75000000
2026-03-25T00:24:45.531Z,ETH,2154.74000000
2026-03-25T00:24:45.532Z,ETH,2154.73000000
2026-03-25T00:24:45.532Z,ETH,2154.72000000
2026-03-25T00:24:45.533Z,ETH,2154.71000000
2026-03-25T00:24:45.533Z,ETH,2154.70000000
2026-03-25T00:24:46.699Z,BTC,70605.43000000
2026-03-25T00:24:48.304Z,BTC,70605.44000000
2026-03-25T00:24:48.652Z,BTC,70605.43000000
2026-03-25T00:24:50.709Z,ETH,2154.69000000
2026-03-25T00:24:50.711Z,ETH,2154.68000000
2026-03-25T00:24:50.712Z,ETH,2154.67000000
2026-03-25T00:24:50.818Z,ETH,2154.66000000
2026-03-25T00:24:50.821Z,ETH,2154.65000000
2026-03-25T00:24:50.822Z,ETH,2154.64000000
2026-03-25T00:24:50.822Z,ETH,2154.63000000
2026-03-25T00:24:50.822Z,ETH,2154.62000000
2026-03-25T00:24:50.823Z,ETH,2154.61000000
2026-03-25T00:24:50.823Z,ETH,2154.60000000
2026-03-25T00:24:50.823Z,ETH,2154.59000000
2026-03-25T00:24:50.824Z,ETH,2154.58000000
2026-03-25T00:24:50.825Z,ETH,2154.57000000
2026-03-25T00:24:50.826Z,ETH,2154.56000000
2026-03-25T00:24:50.826Z,ETH,2154.55000000
2026-03-25T00:24:50.826Z,ETH,2154.53000000
2026-03-25T00:24:50.828Z,ETH,2154.52000000
2026-03-25T00:24:50.828Z,ETH,2154.51000000
2026-03-25T00:24:50.875Z,BTC,70605.44000000
2026-03-25T00:24:53.672Z,BTC,70605.43000000
2026-03-25T00:24:54.732Z,BTC,70605.44000000
2026-03-25T00:24:56.063Z,ETH,2154.52000000
2026-03-25T00:24:58.948Z,ETH,2154.51000000
2026-03-25T00:24:59.009Z,BTC,70605.43000000
2026-03-25T00:24:59.114Z,BTC,70605.44000000
2026-03-25T00:24:59.370Z,BTC,70605.43000000
2026-03-25T00:25:00.557Z,BTC,70605.44000000
2026-03-25T00:25:00.574Z,BTC,70605.45000000
2026-03-25T00:25:00.575Z,BTC,70607.06000000
2026-03-25T00:25:00.576Z,BTC,70607.07000000
2026-03-25T00:25:00.577Z,BTC,70608.40000000
2026-03-25T00:25:00.577Z,BTC,70608.41000000
2026-03-25T00:25:00.577Z,BTC,70608.42000000
2026-03-25T00:25:00.577Z,BTC,70608.43000000
2026-03-25T00:25:00.577Z,BTC,70608.46000000
2026-03-25T00:25:00.577Z,BTC,70609.49000000
2026-03-25T00:25:00.577Z,BTC,70609.61000000
2026-03-25T00:25:00.578Z,BTC,70610.39000000
2026-03-25T00:25:00.578Z,BTC,70610.59000000
2026-03-25T00:25:00.578Z,BTC,70610.61000000
2026-03-25T00:25:00.578Z,BTC,70610.62000000
2026-03-25T00:25:00.578Z,BTC,70611.00000000
2026-03-25T00:25:00.578Z,BTC,70611.36000000
2026-03-25T00:25:00.578Z,BTC,70611.45000000
2026-03-25T00:25:00.578Z,BTC,70611.46000000
2026-03-25T00:25:00.578Z,BTC,70611.47000000
2026-03-25T00:25:00.579Z,BTC,70611.74000000
2026-03-25T00:25:00.579Z,BTC,70611.75000000
2026-03-25T00:25:00.580Z,BTC,70612.07000000
2026-03-25T00:25:00.580Z,BTC,70612.36000000
2026-03-25T00:25:00.580Z,BTC,70612.38000000
2026-03-25T00:25:00.580Z,BTC,70612.47000000
2026-03-25T00:25:00.580Z,BTC,70612.50000000
2026-03-25T00:25:00.580Z,BTC,70612.51000000
2026-03-25T00:25:00.580Z,BTC,70612.61000000
2026-03-25T00:25:00.580Z,BTC,70612.74000000
2026-03-25T00:25:00.580Z,BTC,70612.95000000
2026-03-25T00:25:00.721Z,ETH,2154.52000000
2026-03-25T00:25:00.721Z,BTC,70613.11000000
2026-03-25T00:25:00.833Z,ETH,2154.53000000
2026-03-25T00:25:00.834Z,ETH,2154.54000000
2026-03-25T00:25:00.834Z,ETH,2154.56000000
2026-03-25T00:25:00.835Z,ETH,2154.57000000
2026-03-25T00:25:00.835Z,ETH,2154.58000000
2026-03-25T00:25:00.835Z,ETH,2154.60000000
2026-03-25T00:25:00.846Z,ETH,2154.62000000
2026-03-25T00:25:00.868Z,ETH,2154.63000000
2026-03-25T00:25:00.869Z,ETH,2154.66000000
2026-03-25T00:25:00.869Z,ETH,2154.67000000
2026-03-25T00:25:00.870Z,ETH,2154.69000000
2026-03-25T00:25:00.875Z,ETH,2154.70000000
2026-03-25T00:25:00.897Z,BTC,70613.12000000
2026-03-25T00:25:00.901Z,BTC,70613.13000000
2026-03-25T00:25:00.903Z,BTC,70613.61000000
2026-03-25T00:25:00.903Z,BTC,70613.65000000
2026-03-25T00:25:00.903Z,BTC,70614.12000000
2026-03-25T00:25:00.903Z,BTC,70614.32000000
2026-03-25T00:25:00.903Z,BTC,70614.81000000
2026-03-25T00:25:00.904Z,BTC,70615.02000000
2026-03-25T00:25:00.905Z,BTC,70615.59000000
2026-03-25T00:25:00.905Z,BTC,70615.62000000
2026-03-25T00:25:00.905Z,BTC,70615.89000000
2026-03-25T00:25:00.905Z,BTC,70616.00000000
2026-03-25T00:25:00.905Z,BTC,70616.08000000
2026-03-25T00:25:00.905Z,BTC,70616.09000000
2026-03-25T00:25:00.907Z,ETH,2154.71000000
2026-03-25T00:25:00.908Z,ETH,2154.72000000
2026-03-25T00:25:00.908Z,ETH,2154.73000000
2026-03-25T00:25:00.909Z,ETH,2154.74000000
2026-03-25T00:25:00.909Z,ETH,2154.75000000
2026-03-25T00:25:00.909Z,ETH,2154.76000000
2026-03-25T00:25:00.909Z,ETH,2154.77000000
2026-03-25T00:25:00.910Z,ETH,2154.78000000
2026-03-25T00:25:00.910Z,ETH,2154.79000000
2026-03-25T00:25:00.910Z,ETH,2154.80000000
2026-03-25T00:25:00.921Z,BTC,70616.10000000
2026-03-25T00:25:00.921Z,BTC,70616.47000000
2026-03-25T00:25:00.921Z,BTC,70616.48000000
2026-03-25T00:25:00.921Z,BTC,70616.56000000
2026-03-25T00:25:00.921Z,BTC,70617.00000000
2026-03-25T00:25:00.922Z,BTC,70617.38000000
2026-03-25T00:25:00.922Z,BTC,70617.39000000
2026-03-25T00:25:00.922Z,BTC,70617.65000000
2026-03-25T00:25:00.922Z,BTC,70617.68000000
2026-03-25T00:25:00.922Z,BTC,70617.88000000
2026-03-25T00:25:00.922Z,BTC,70617.89000000
2026-03-25T00:25:00.922Z,BTC,70618.00000000
2026-03-25T00:25:00.922Z,BTC,70618.43000000
2026-03-25T00:25:00.922Z,BTC,70618.86000000
2026-03-25T00:25:00.923Z,BTC,70619.46000000
2026-03-25T00:25:00.923Z,BTC,70620.00000000
2026-03-25T00:25:00.923Z,BTC,70620.34000000
2026-03-25T00:25:00.923Z,BTC,70620.53000000
2026-03-25T00:25:00.923Z,BTC,70620.54000000
2026-03-25T00:25:00.923Z,BTC,70621.18000000
2026-03-25T00:25:00.923Z,BTC,70621.23000000
2026-03-25T00:25:01.156Z,BTC,70621.48000000
2026-03-25T00:25:01.239Z,BTC,70621.49000000
2026-03-25T00:25:01.288Z,BTC,70621.48000000
2026-03-25T00:25:01.298Z,ETH,2154.81000000
2026-03-25T00:25:01.298Z,ETH,2154.83000000
2026-03-25T00:25:01.298Z,ETH,2154.84000000
2026-03-25T00:25:01.298Z,ETH,2154.85000000
2026-03-25T00:25:01.566Z,ETH,2154.86000000
2026-03-25T00:25:01.566Z,ETH,2154.87000000
2026-03-25T00:25:01.570Z,ETH,2154.89000000
2026-03-25T00:25:01.620Z,BTC,70621.49000000
2026-03-25T00:25:01.622Z,BTC,70621.50000000
2026-03-25T00:25:01.623Z,BTC,70621.93000000
2026-03-25T00:25:01.623Z,BTC,70621.99000000
2026-03-25T00:25:01.623Z,BTC,70622.00000000
2026-03-25T00:25:01.623Z,BTC,70622.90000000
2026-03-25T00:25:01.623Z,BTC,70622.94000000
2026-03-25T00:25:01.623Z,BTC,70623.00000000
2026-03-25T00:25:01.623Z,BTC,70623.14000000
2026-03-25T00:25:01.623Z,BTC,70623.19000000
2026-03-25T00:25:01.624Z,BTC,70624.00000000
2026-03-25T00:25:01.624Z,BTC,70624.44000000
2026-03-25T00:25:01.624Z,BTC,70624.71000000
2026-03-25T00:25:01.624Z,BTC,70624.72000000
2026-03-25T00:25:01.624Z,BTC,70624.98000000
2026-03-25T00:25:01.624Z,BTC,70625.64000000
2026-03-25T00:25:02.189Z,ETH,2154.88000000
2026-03-25T00:25:03.048Z,ETH,2154.89000000
2026-03-25T00:25:03.049Z,ETH,2154.90000000
2026-03-25T00:25:03.049Z,ETH,2154.91000000
2026-03-25T00:25:03.049Z,ETH,2154.92000000
2026-03-25T00:25:03.049Z,ETH,2154.96000000
2026-03-25T00:25:03.349Z,ETH,2154.95000000
2026-03-25T00:25:03.416Z,ETH,2154.96000000
2026-03-25T00:25:03.417Z,ETH,2154.97000000
2026-03-25T00:25:03.418Z,ETH,2154.98000000
2026-03-25T00:25:03.418Z,ETH,2154.99000000
2026-03-25T00:25:03.419Z,ETH,2155.00000000
2026-03-25T00:25:04.191Z,BTC,70625.65000000
2026-03-25T00:25:04.286Z,BTC,70625.64000000
2026-03-25T00:25:04.675Z,BTC,70625.65000000
2026-03-25T00:25:04.710Z,BTC,70625.64000000
2026-03-25T00:25:09.400Z,BTC,70625.65000000
2026-03-25T00:25:09.616Z,BTC,70625.64000000
2026-03-25T00:25:09.648Z,ETH,2155.01000000
2026-03-25T00:25:09.650Z,ETH,2155.02000000
2026-03-25T00:25:09.650Z,ETH,2155.05000000
2026-03-25T00:25:10.611Z,BTC,70625.65000000
2026-03-25T00:25:12.054Z,BTC,70625.64000000
2026-03-25T00:25:12.208Z,BTC,70625.65000000
2026-03-25T00:25:12.213Z,BTC,70625.66000000
2026-03-25T00:25:12.214Z,BTC,70626.00000000
2026-03-25T00:25:12.215Z,BTC,70626.50000000
2026-03-25T00:25:12.215Z,BTC,70626.72000000
2026-03-25T00:25:12.215Z,BTC,70626.76000000
2026-03-25T00:25:12.215Z,BTC,70627.00000000
2026-03-25T00:25:12.215Z,BTC,70627.19000000
2026-03-25T00:25:12.215Z,BTC,70627.20000000
2026-03-25T00:25:12.215Z,BTC,70627.32000000
2026-03-25T00:25:12.215Z,BTC,70628.00000000
2026-03-25T00:25:12.216Z,BTC,70628.24000000
2026-03-25T00:25:12.216Z,BTC,70628.32000000
2026-03-25T00:25:12.216Z,BTC,70629.03000000
2026-03-25T00:25:12.216Z,BTC,70629.72000000
2026-03-25T00:25:12.216Z,BTC,70629.87000000
2026-03-25T00:25:12.216Z,BTC,70629.88000000
2026-03-25T00:25:12.216Z,BTC,70629.89000000
2026-03-25T00:25:13.091Z,ETH,2155.06000000
2026-03-25T00:25:13.408Z,BTC,70629.88000000
2026-03-25T00:25:16.099Z,ETH,2155.07000000
2026-03-25T00:25:17.022Z,BTC,70629.89000000
2026-03-25T00:25:19.635Z,BTC,70629.88000000
2026-03-25T00:25:26.574Z,BTC,70629.89000000
2026-03-25T00:25:27.122Z,BTC,70629.88000000
2026-03-25T00:25:27.509Z,BTC,70629.89000000
2026-03-25T00:25:28.879Z,BTC,70629.88000000
2026-03-25T00:25:29.025Z,BTC,70629.89000000
2026-03-25T00:25:30.504Z,BTC,70629.88000000
2026-03-25T00:25:31.158Z,BTC,70629.89000000
2026-03-25T00:25:31.163Z,ETH,2155.08000000
2026-03-25T00:25:33.461Z,BTC,70629.88000000
2026-03-25T00:25:34.200Z,BTC,70629.89000000
2026-03-25T00:25:35.937Z,BTC,70629.88000000
2026-03-25T00:25:36.152Z,ETH,2155.07000000
2026-03-25T00:25:36.757Z,BTC,70629.89000000
2026-03-25T00:25:37.772Z,BTC,70629.90000000
2026-03-25T00:25:37.773Z,BTC,70629.99000000
2026-03-25T00:25:37.773Z,BTC,70630.00000000
2026-03-25T00:25:37.773Z,BTC,70630.27000000
2026-03-25T00:25:37.773Z,BTC,70630.72000000
2026-03-25T00:25:37.773Z,BTC,70630.98000000
2026-03-25T00:25:37.773Z,BTC,70631.37000000
2026-03-25T00:25:37.774Z,BTC,70631.38000000
2026-03-25T00:25:38.130Z,BTC,70631.37000000
2026-03-25T00:25:39.099Z,BTC,70631.38000000
2026-03-25T00:25:39.476Z,BTC,70631.37000000
2026-03-25T00:25:39.655Z,BTC,70631.38000000
2026-03-25T00:25:39.905Z,ETH,2155.08000000
2026-03-25T00:25:40.298Z,BTC,70631.37000000
2026-03-25T00:25:40.625Z,BTC,70631.38000000
2026-03-25T00:25:43.322Z,ETH,2155.09000000
2026-03-25T00:25:43.323Z,ETH,2155.10000000
2026-03-25T00:25:43.323Z,ETH,2155.11000000
2026-03-25T00:25:43.323Z,ETH,2155.12000000
2026-03-25T00:25:43.324Z,ETH,2155.13000000
2026-03-25T00:25:43.325Z,ETH,2155.14000000
2026-03-25T00:25:43.325Z,ETH,2155.15000000
2026-03-25T00:25:43.325Z,ETH,2155.16000000
2026-03-25T00:25:43.326Z,ETH,2155.18000000
2026-03-25T00:25:43.326Z,ETH,2155.19000000
2026-03-25T00:25:43.326Z,ETH,2155.20000000
2026-03-25T00:25:43.326Z,ETH,2155.21000000
2026-03-25T00:25:43.327Z,ETH,2155.22000000
2026-03-25T00:25:43.327Z,ETH,2155.23000000
2026-03-25T00:25:43.327Z,ETH,2155.25000000
2026-03-25T00:25:43.328Z,ETH,2155.26000000
2026-03-25T00:25:43.330Z,ETH,2155.27000000
2026-03-25T00:25:43.330Z,ETH,2155.28000000
2026-03-25T00:25:43.331Z,ETH,2155.29000000
2026-03-25T00:25:43.331Z,ETH,2155.30000000
2026-03-25T00:25:43.332Z,ETH,2155.32000000
2026-03-25T00:25:43.332Z,ETH,2155.33000000
2026-03-25T00:25:43.332Z,ETH,2155.34000000
2026-03-25T00:25:43.333Z,ETH,2155.35000000
2026-03-25T00:25:43.926Z,BTC,70631.37000000
2026-03-25T00:25:44.152Z,ETH,2155.34000000
2026-03-25T00:25:44.377Z,BTC,70631.38000000
2026-03-25T00:25:44.414Z,BTC,70631.37000000
2026-03-25T00:25:45.401Z,BTC,70631.38000000
2026-03-25T00:25:45.965Z,BTC,70631.37000000
2026-03-25T00:25:46.119Z,ETH,2155.33000000
2026-03-25T00:25:46.172Z,ETH,2155.32000000
2026-03-25T00:25:46.173Z,ETH,2155.31000000
2026-03-25T00:25:46.174Z,ETH,2155.30000000
2026-03-25T00:25:46.175Z,ETH,2155.29000000
2026-03-25T00:25:46.175Z,ETH,2155.28000000
2026-03-25T00:25:46.176Z,ETH,2155.27000000
2026-03-25T00:25:46.176Z,ETH,2155.26000000
2026-03-25T00:25:46.177Z,ETH,2155.25000000
2026-03-25T00:25:46.178Z,ETH,2155.24000000
2026-03-25T00:25:46.178Z,ETH,2155.22000000
2026-03-25T00:25:46.179Z,ETH,2155.21000000
2026-03-25T00:25:46.179Z,ETH,2155.20000000
2026-03-25T00:25:46.179Z,ETH,2155.18000000
2026-03-25T00:25:46.179Z,ETH,2155.17000000
2026-03-25T00:25:46.581Z,BTC,70631.38000000
2026-03-25T00:25:48.130Z,ETH,2155.16000000
2026-03-25T00:25:48.131Z,ETH,2155.15000000
2026-03-25T00:25:48.658Z,BTC,70631.37000000
2026-03-25T00:25:48.773Z,BTC,70631.38000000
2026-03-25T00:25:48.898Z,BTC,70631.37000000
2026-03-25T00:25:49.698Z,ETH,2155.14000000
2026-03-25T00:25:49.702Z,ETH,2155.13000000
2026-03-25T00:25:49.703Z,ETH,2155.11000000
2026-03-25T00:25:49.703Z,ETH,2155.10000000
2026-03-25T00:25:49.704Z,ETH,2155.08000000
2026-03-25T00:25:49.704Z,ETH,2155.07000000
2026-03-25T00:25:49.705Z,ETH,2155.06000000
2026-03-25T00:25:49.706Z,ETH,2155.05000000
2026-03-25T00:25:49.706Z,ETH,2155.04000000
2026-03-25T00:25:49.707Z,ETH,2155.03000000
2026-03-25T00:25:49.707Z,ETH,2155.02000000
2026-03-25T00:25:49.707Z,ETH,2155.01000000
2026-03-25T00:25:49.708Z,ETH,2155.00000000
2026-03-25T00:25:49.709Z,ETH,2154.97000000
2026-03-25T00:25:49.709Z,ETH,2154.96000000
2026-03-25T00:25:49.848Z,BTC,70631.38000000
2026-03-25T00:25:53.343Z,BTC,70631.37000000
2026-03-25T00:25:54.177Z,BTC,70631.38000000
2026-03-25T00:25:55.519Z,BTC,70631.37000000
2026-03-25T00:25:56.162Z,BTC,70631.38000000
2026-03-25T00:25:56.394Z,ETH,2154.97000000
2026-03-25T00:25:56.398Z,ETH,2154.98000000
2026-03-25T00:25:56.399Z,ETH,2155.00000000
2026-03-25T00:25:56.399Z,ETH,2155.01000000
2026-03-25T00:25:56.400Z,ETH,2155.02000000
2026-03-25T00:25:56.405Z,ETH,2155.04000000
2026-03-25T00:25:56.423Z,BTC,70631.39000000
2026-03-25T00:25:56.433Z,BTC,70631.77000000
2026-03-25T00:25:56.433Z,BTC,70632.00000000
2026-03-25T00:25:56.696Z,ETH,2155.03000000
2026-03-25T00:25:56.786Z,ETH,2155.04000000
2026-03-25T00:25:56.786Z,ETH,2155.05000000
2026-03-25T00:25:57.285Z,BTC,70632.01000000
2026-03-25T00:25:57.285Z,BTC,70632.13000000
2026-03-25T00:25:57.286Z,BTC,70632.22000000
2026-03-25T00:25:57.286Z,BTC,70632.30000000
2026-03-25T00:25:57.286Z,BTC,70632.38000000
2026-03-25T00:25:57.286Z,BTC,70632.39000000
2026-03-25T00:25:57.286Z,BTC,70632.40000000
2026-03-25T00:25:57.286Z,BTC,70632.83000000
2026-03-25T00:25:57.286Z,BTC,70632.86000000
2026-03-25T00:25:57.286Z,BTC,70633.12000000
2026-03-25T00:25:57.286Z,BTC,70633.13000000
2026-03-25T00:25:57.286Z,BTC,70633.64000000
2026-03-25T00:25:57.286Z,BTC,70633.78000000
2026-03-25T00:25:57.286Z,BTC,70634.00000000
2026-03-25T00:25:57.286Z,BTC,70634.13000000
2026-03-25T00:25:57.286Z,BTC,70634.15000000
2026-03-25T00:25:57.286Z,BTC,70634.16000000
2026-03-25T00:25:57.481Z,ETH,2155.10000000
2026-03-25T00:25:57.926Z,ETH,2155.11000000
2026-03-25T00:25:57.927Z,ETH,2155.12000000
2026-03-25T00:25:57.927Z,ETH,2155.14000000
2026-03-25T00:25:57.927Z,ETH,2155.15000000
2026-03-25T00:25:57.928Z,ETH,2155.16000000
2026-03-25T00:25:57.928Z,ETH,2155.17000000
2026-03-25T00:25:57.929Z,ETH,2155.19000000
2026-03-25T00:25:57.929Z,ETH,2155.20000000
2026-03-25T00:25:57.930Z,ETH,2155.21000000
2026-03-25T00:25:57.930Z,ETH,2155.22000000
2026-03-25T00:26:00.144Z,BTC,70634.15000000
2026-03-25T00:26:00.826Z,ETH,2155.21000000
2026-03-25T00:26:01.236Z,BTC,70634.16000000
2026-03-25T00:26:01.261Z,BTC,70634.15000000
2026-03-25T00:26:03.100Z,BTC,70634.16000000
2026-03-25T00:26:03.102Z,BTC,70634.17000000
2026-03-25T00:26:03.103Z,BTC,70635.30000000
2026-03-25T00:26:03.103Z,BTC,70635.46000000
2026-03-25T00:26:03.103Z,BTC,70635.47000000
2026-03-25T00:26:03.103Z,BTC,70635.48000000
2026-03-25T00:26:03.143Z,BTC,70635.75000000
2026-03-25T00:26:03.146Z,BTC,70635.76000000
2026-03-25T00:26:03.146Z,BTC,70635.87000000
2026-03-25T00:26:03.147Z,BTC,70636.00000000
2026-03-25T00:26:03.147Z,BTC,70636.05000000
2026-03-25T00:26:03.147Z,BTC,70636.30000000
2026-03-25T00:26:03.147Z,BTC,70636.33000000
2026-03-25T00:26:03.147Z,BTC,70635.87000000
2026-03-25T00:26:03.148Z,BTC,70636.54000000
2026-03-25T00:26:03.149Z,BTC,70636.55000000
2026-03-25T00:26:03.149Z,BTC,70636.56000000
2026-03-25T00:26:03.149Z,BTC,70637.09000000
2026-03-25T00:26:03.149Z,BTC,70638.00000000
2026-03-25T00:26:03.150Z,BTC,70638.16000000
2026-03-25T00:26:03.150Z,BTC,70638.83000000
2026-03-25T00:26:03.151Z,BTC,70638.96000000
2026-03-25T00:26:03.151Z,BTC,70639.05000000
2026-03-25T00:26:03.151Z,BTC,70639.06000000
2026-03-25T00:26:03.151Z,BTC,70639.07000000
2026-03-25T00:26:03.372Z,BTC,70639.47000000
2026-03-25T00:26:03.374Z,BTC,70639.48000000
2026-03-25T00:26:03.375Z,BTC,70639.75000000
2026-03-25T00:26:03.375Z,BTC,70639.76000000
2026-03-25T00:26:03.375Z,BTC,70640.00000000
2026-03-25T00:26:03.375Z,BTC,70640.17000000
2026-03-25T00:26:03.426Z,BTC,70640.49000000
2026-03-25T00:26:03.428Z,BTC,70640.50000000
2026-03-25T00:26:03.429Z,BTC,70640.60000000
2026-03-25T00:26:03.429Z,BTC,70640.75000000
2026-03-25T00:26:03.429Z,BTC,70641.62000000
2026-03-25T00:26:03.429Z,BTC,70641.97000000
2026-03-25T00:26:03.429Z,BTC,70641.98000000
2026-03-25T00:26:03.469Z,BTC,70642.00000000
2026-03-25T00:26:03.471Z,BTC,70642.01000000
2026-03-25T00:26:03.472Z,BTC,70642.02000000
2026-03-25T00:26:03.473Z,BTC,70642.36000000
2026-03-25T00:26:03.473Z,BTC,70642.88000000
2026-03-25T00:26:03.473Z,BTC,70643.04000000
2026-03-25T00:26:03.473Z,BTC,70643.20000000
2026-03-25T00:26:03.473Z,BTC,70643.66000000
2026-03-25T00:26:03.473Z,BTC,70644.00000000
2026-03-25T00:26:03.474Z,BTC,70644.28000000
2026-03-25T00:26:03.474Z,BTC,70644.38000000
2026-03-25T00:26:03.474Z,BTC,70644.63000000
2026-03-25T00:26:03.474Z,BTC,70644.89000000
2026-03-25T00:26:03.474Z,BTC,70645.78000000
2026-03-25T00:26:03.497Z,ETH,2155.22000000
2026-03-25T00:26:03.499Z,ETH,2155.23000000
2026-03-25T00:26:03.499Z,ETH,2155.26000000
2026-03-25T00:26:03.499Z,ETH,2155.27000000
2026-03-25T00:26:03.499Z,ETH,2155.28000000
2026-03-25T00:26:03.500Z,ETH,2155.29000000
2026-03-25T00:26:03.501Z,ETH,2155.30000000
2026-03-25T00:26:03.501Z,ETH,2155.31000000
2026-03-25T00:26:03.501Z,ETH,2155.32000000
2026-03-25T00:26:03.501Z,ETH,2155.33000000
2026-03-25T00:26:03.502Z,ETH,2155.34000000
2026-03-25T00:26:03.502Z,ETH,2155.35000000
2026-03-25T00:26:03.502Z,ETH,2155.36000000
2026-03-25T00:26:03.502Z,ETH,2155.37000000
2026-03-25T00:26:03.502Z,ETH,2155.38000000
2026-03-25T00:26:03.503Z,ETH,2155.39000000
2026-03-25T00:26:03.753Z,BTC,70645.79000000
2026-03-25T00:26:04.099Z,BTC,70645.78000000
2026-03-25T00:26:04.190Z,BTC,70645.79000000
2026-03-25T00:26:04.210Z,BTC,70645.78000000
2026-03-25T00:26:05.879Z,BTC,70645.79000000
2026-03-25T00:26:06.526Z,BTC,70645.78000000
2026-03-25T00:26:07.134Z,BTC,70645.79000000
2026-03-25T00:26:07.844Z,BTC,70645.78000000
2026-03-25T00:26:10.207Z,ETH,2155.40000000
2026-03-25T00:26:10.208Z,ETH,2155.41000000
2026-03-25T00:26:10.208Z,ETH,2155.42000000
2026-03-25T00:26:10.209Z,ETH,2155.43000000
2026-03-25T00:26:10.209Z,ETH,2155.44000000
2026-03-25T00:26:10.209Z,ETH,2155.48000000
2026-03-25T00:26:10.209Z,ETH,2155.49000000
2026-03-25T00:26:10.210Z,ETH,2155.50000000
2026-03-25T00:26:10.210Z,ETH,2155.51000000
2026-03-25T00:26:10.210Z,ETH,2155.52000000
2026-03-25T00:26:10.211Z,ETH,2155.53000000
2026-03-25T00:26:10.211Z,ETH,2155.55000000
2026-03-25T00:26:13.488Z,ETH,2155.56000000
2026-03-25T00:26:13.909Z,ETH,2155.57000000
2026-03-25T00:26:13.947Z,ETH,2155.58000000
2026-03-25T00:26:14.705Z,BTC,70645.79000000
2026-03-25T00:26:16.421Z,ETH,2155.59000000
2026-03-25T00:26:18.049Z,ETH,2155.60000000
2026-03-25T00:26:18.050Z,ETH,2155.63000000
2026-03-25T00:26:18.050Z,ETH,2155.64000000
2026-03-25T00:26:18.050Z,ETH,2155.65000000
2026-03-25T00:26:18.267Z,ETH,2155.64000000
2026-03-25T00:26:18.406Z,BTC,70645.78000000
2026-03-25T00:26:18.604Z,ETH,2155.65000000
2026-03-25T00:26:18.658Z,BTC,70645.79000000
2026-03-25T00:26:19.039Z,BTC,70645.78000000
2026-03-25T00:26:19.150Z,BTC,70645.79000000
2026-03-25T00:26:19.235Z,ETH,2155.64000000
2026-03-25T00:26:21.568Z,ETH,2155.65000000
2026-03-25T00:26:21.570Z,ETH,2155.66000000
2026-03-25T00:26:22.455Z,BTC,70645.78000000
2026-03-25T00:26:23.703Z,BTC,70645.79000000
2026-03-25T00:26:24.401Z,ETH,2155.67000000
2026-03-25T00:26:24.402Z,ETH,2155.68000000
2026-03-25T00:26:24.403Z,ETH,2155.69000000
2026-03-25T00:26:24.403Z,ETH,2155.70000000
2026-03-25T00:26:24.403Z,ETH,2155.71000000
2026-03-25T00:26:24.487Z,BTC,70645.78000000
2026-03-25T00:26:24.536Z,ETH,2155.72000000
2026-03-25T00:26:24.536Z,ETH,2155.73000000
2026-03-25T00:26:24.538Z,ETH,2155.74000000
2026-03-25T00:26:24.538Z,ETH,2155.75000000
2026-03-25T00:26:24.539Z,ETH,2155.76000000
2026-03-25T00:26:24.539Z,ETH,2155.77000000
2026-03-25T00:26:24.540Z,ETH,2155.78000000
2026-03-25T00:26:24.540Z,ETH,2155.80000000
2026-03-25T00:26:24.542Z,ETH,2155.81000000
2026-03-25T00:26:24.542Z,ETH,2155.82000000
2026-03-25T00:26:24.543Z,ETH,2155.84000000
2026-03-25T00:26:24.543Z,ETH,2155.85000000
2026-03-25T00:26:24.569Z,BTC,70645.79000000
2026-03-25T00:26:24.570Z,BTC,70645.80000000
2026-03-25T00:26:24.571Z,BTC,70645.89000000
2026-03-25T00:26:24.571Z,BTC,70646.00000000
2026-03-25T00:26:24.571Z,BTC,70646.18000000
2026-03-25T00:26:24.571Z,BTC,70646.21000000
2026-03-25T00:26:24.571Z,BTC,70646.94000000
2026-03-25T00:26:24.571Z,BTC,70647.99000000
2026-03-25T00:26:24.571Z,BTC,70648.00000000
2026-03-25T00:26:24.571Z,BTC,70648.06000000
2026-03-25T00:26:24.571Z,BTC,70648.07000000
2026-03-25T00:26:24.571Z,BTC,70648.19000000
2026-03-25T00:26:24.572Z,BTC,70648.20000000
2026-03-25T00:26:24.572Z,BTC,70649.02000000
2026-03-25T00:26:24.572Z,BTC,70649.42000000
2026-03-25T00:26:24.572Z,BTC,70649.46000000
2026-03-25T00:26:24.572Z,BTC,70649.60000000
2026-03-25T00:26:24.572Z,BTC,70650.00000000
2026-03-25T00:26:24.572Z,BTC,70650.01000000
2026-03-25T00:26:24.572Z,BTC,70650.02000000
2026-03-25T00:26:24.671Z,ETH,2155.86000000
2026-03-25T00:26:24.677Z,ETH,2155.87000000
2026-03-25T00:26:24.679Z,ETH,2155.88000000
2026-03-25T00:26:24.679Z,ETH,2155.89000000
2026-03-25T00:26:24.680Z,ETH,2155.90000000
2026-03-25T00:26:24.680Z,ETH,2155.91000000
2026-03-25T00:26:24.842Z,BTC,70650.03000000
2026-03-25T00:26:25.283Z,ETH,2155.92000000
2026-03-25T00:26:27.063Z,BTC,70650.02000000
2026-03-25T00:26:27.240Z,ETH,2155.91000000
2026-03-25T00:26:27.646Z,ETH,2155.92000000
2026-03-25T00:26:28.304Z,ETH,2155.91000000
2026-03-25T00:26:29.328Z,BTC,70650.03000000
2026-03-25T00:26:30.105Z,BTC,70650.02000000
2026-03-25T00:26:30.152Z,BTC,70650.03000000
2026-03-25T00:26:30.157Z,BTC,70650.04000000
2026-03-25T00:26:30.158Z,BTC,70650.36000000
2026-03-25T00:26:30.159Z,BTC,70650.56000000
2026-03-25T00:26:30.159Z,BTC,70651.13000000
2026-03-25T00:26:30.159Z,BTC,70651.29000000
2026-03-25T00:26:30.159Z,BTC,70651.30000000
2026-03-25T00:26:30.159Z,BTC,70651.84000000
2026-03-25T00:26:30.159Z,BTC,70652.00000000
2026-03-25T00:26:30.160Z,BTC,70652.26000000
2026-03-25T00:26:30.160Z,BTC,70652.95000000
2026-03-25T00:26:30.160Z,BTC,70653.25000000
2026-03-25T00:26:30.160Z,BTC,70653.42000000
2026-03-25T00:26:30.160Z,BTC,70654.00000000
2026-03-25T00:26:30.160Z,BTC,70654.04000000
2026-03-25T00:26:30.160Z,BTC,70654.17000000
2026-03-25T00:26:30.160Z,BTC,70654.31000000
2026-03-25T00:26:30.161Z,BTC,70654.92000000
2026-03-25T00:26:30.161Z,BTC,70654.97000000
2026-03-25T00:26:30.161Z,BTC,70655.30000000
2026-03-25T00:26:30.161Z,BTC,70655.31000000
2026-03-25T00:26:30.161Z,BTC,70655.32000000
2026-03-25T00:26:30.161Z,BTC,70655.35000000
2026-03-25T00:26:30.161Z,BTC,70655.36000000
2026-03-25T00:26:30.954Z,BTC,70655.35000000
2026-03-25T00:26:31.141Z,BTC,70655.36000000
2026-03-25T00:26:31.375Z,BTC,70655.35000000
2026-03-25T00:26:31.930Z,BTC,70655.36000000
2026-03-25T00:26:32.157Z,ETH,2155.92000000
2026-03-25T00:26:32.751Z,ETH,2155.91000000
2026-03-25T00:26:33.135Z,BTC,70655.35000000
2026-03-25T00:26:33.176Z,ETH,2155.92000000
2026-03-25T00:26:33.177Z,ETH,2155.93000000
2026-03-25T00:26:33.177Z,ETH,2155.94000000
2026-03-25T00:26:33.178Z,ETH,2155.95000000
2026-03-25T00:26:33.178Z,ETH,2155.96000000
2026-03-25T00:26:33.178Z,ETH,2155.97000000
2026-03-25T00:26:33.180Z,ETH,2155.98000000
2026-03-25T00:26:33.180Z,ETH,2155.99000000
2026-03-25T00:26:33.180Z,ETH,2156.00000000
2026-03-25T00:26:33.181Z,ETH,2156.01000000
2026-03-25T00:26:33.181Z,ETH,2156.03000000
2026-03-25T00:26:33.182Z,ETH,2156.04000000
2026-03-25T00:26:33.195Z,ETH,2156.05000000
2026-03-25T00:26:33.196Z,ETH,2156.06000000
2026-03-25T00:26:33.197Z,ETH,2156.07000000
2026-03-25T00:26:33.197Z,ETH,2156.08000000
2026-03-25T00:26:33.197Z,ETH,2156.10000000
2026-03-25T00:26:33.198Z,ETH,2156.12000000
2026-03-25T00:26:33.215Z,ETH,2156.13000000
2026-03-25T00:26:33.216Z,ETH,2156.14000000
2026-03-25T00:26:33.219Z,ETH,2156.15000000
2026-03-25T00:26:33.239Z,ETH,2156.16000000
2026-03-25T00:26:33.241Z,BTC,70655.36000000
2026-03-25T00:26:33.241Z,ETH,2156.17000000
2026-03-25T00:26:33.242Z,ETH,2156.18000000
2026-03-25T00:26:33.242Z,ETH,2156.19000000
2026-03-25T00:26:33.243Z,ETH,2156.20000000
2026-03-25T00:26:33.244Z,BTC,70655.37000000
2026-03-25T00:26:33.244Z,BTC,70656.00000000
2026-03-25T00:26:33.244Z,BTC,70656.04000000
2026-03-25T00:26:33.244Z,BTC,70656.48000000
2026-03-25T00:26:33.244Z,BTC,70657.23000000
2026-03-25T00:26:33.261Z,ETH,2156.21000000
2026-03-25T00:26:33.263Z,ETH,2156.22000000
2026-03-25T00:26:33.273Z,BTC,70657.51000000
2026-03-25T00:26:33.276Z,BTC,70657.52000000
2026-03-25T00:26:33.277Z,BTC,70657.58000000
2026-03-25T00:26:33.277Z,BTC,70657.62000000
2026-03-25T00:26:33.277Z,BTC,70658.00000000
2026-03-25T00:26:33.277Z,BTC,70658.07000000
2026-03-25T00:26:33.277Z,BTC,70658.17000000
2026-03-25T00:26:33.277Z,BTC,70659.58000000
2026-03-25T00:26:33.277Z,BTC,70660.00000000
2026-03-25T00:26:33.277Z,BTC,70660.01000000
2026-03-25T00:26:33.277Z,BTC,70660.03000000
2026-03-25T00:26:33.278Z,BTC,70660.24000000
2026-03-25T00:26:33.278Z,BTC,70660.64000000
2026-03-25T00:26:33.278Z,BTC,70661.05000000
2026-03-25T00:26:33.278Z,BTC,70661.06000000
2026-03-25T00:26:33.278Z,BTC,70661.24000000
2026-03-25T00:26:33.278Z,BTC,70661.25000000
2026-03-25T00:26:33.278Z,BTC,70661.40000000
2026-03-25T00:26:33.278Z,BTC,70662.00000000
2026-03-25T00:26:33.278Z,BTC,70662.34000000
2026-03-25T00:26:33.278Z,BTC,70662.62000000
2026-03-25T00:26:33.278Z,BTC,70662.90000000
2026-03-25T00:26:33.278Z,BTC,70663.18000000
2026-03-25T00:26:33.278Z,BTC,70663.31000000
2026-03-25T00:26:33.279Z,BTC,70663.46000000
2026-03-25T00:26:33.279Z,BTC,70663.54000000
2026-03-25T00:26:33.279Z,BTC,70664.00000000
2026-03-25T00:26:33.279Z,BTC,70664.16000000
2026-03-25T00:26:33.279Z,BTC,70664.66000000
2026-03-25T00:26:33.279Z,BTC,70664.72000000
2026-03-25T00:26:33.279Z,BTC,70664.86000000
2026-03-25T00:26:33.279Z,BTC,70664.87000000
2026-03-25T00:26:33.279Z,BTC,70664.89000000
2026-03-25T00:26:33.311Z,ETH,2156.23000000
2026-03-25T00:26:33.312Z,ETH,2156.24000000
2026-03-25T00:26:33.321Z,ETH,2156.28000000
2026-03-25T00:26:33.323Z,ETH,2156.29000000
2026-03-25T00:26:33.324Z,ETH,2156.30000000
2026-03-25T00:26:33.325Z,ETH,2156.31000000
2026-03-25T00:26:33.325Z,ETH,2156.32000000
2026-03-25T00:26:33.325Z,ETH,2156.34000000
2026-03-25T00:26:33.325Z,ETH,2156.35000000
2026-03-25T00:26:33.326Z,ETH,2156.36000000
2026-03-25T00:26:33.326Z,ETH,2156.37000000
2026-03-25T00:26:33.326Z,ETH,2156.40000000
2026-03-25T00:26:33.326Z,ETH,2156.41000000
2026-03-25T00:26:33.326Z,ETH,2156.42000000
2026-03-25T00:26:33.327Z,ETH,2156.43000000
2026-03-25T00:26:33.327Z,ETH,2156.44000000
2026-03-25T00:26:33.327Z,ETH,2156.43000000
2026-03-25T00:26:33.346Z,BTC,70665.07000000
2026-03-25T00:26:33.368Z,BTC,70665.08000000
2026-03-25T00:26:33.370Z,BTC,70665.09000000
2026-03-25T00:26:33.371Z,BTC,70665.42000000
2026-03-25T00:26:33.682Z,BTC,70665.43000000
2026-03-25T00:26:33.685Z,BTC,70665.44000000
2026-03-25T00:26:33.687Z,BTC,70665.56000000
2026-03-25T00:26:33.687Z,BTC,70665.57000000
2026-03-25T00:26:33.687Z,BTC,70666.00000000
2026-03-25T00:26:33.688Z,BTC,70666.01000000
2026-03-25T00:26:33.688Z,BTC,70667.07000000
2026-03-25T00:26:33.688Z,BTC,70667.08000000
2026-03-25T00:26:33.862Z,BTC,70667.99000000
2026-03-25T00:26:33.865Z,ETH,2156.44000000
2026-03-25T00:26:34.192Z,ETH,2156.43000000
2026-03-25T00:26:35.360Z,BTC,70668.00000000
2026-03-25T00:26:35.440Z,BTC,70667.99000000
2026-03-25T00:26:35.920Z,BTC,70668.00000000
2026-03-25T00:26:35.921Z,BTC,70668.01000000
2026-03-25T00:26:35.921Z,BTC,70668.22000000
2026-03-25T00:26:35.921Z,BTC,70669.08000000
2026-03-25T00:26:35.921Z,BTC,70669.09000000
2026-03-25T00:26:35.921Z,BTC,70669.20000000
2026-03-25T00:26:35.921Z,BTC,70669.49000000
2026-03-25T00:26:35.922Z,BTC,70669.98000000
2026-03-25T00:26:35.922Z,BTC,70669.99000000
2026-03-25T00:26:35.922Z,BTC,70670.00000000
2026-03-25T00:26:35.922Z,BTC,70670.60000000
2026-03-25T00:26:35.922Z,BTC,70670.88000000
2026-03-25T00:26:35.922Z,BTC,70671.81000000
2026-03-25T00:26:35.922Z,BTC,70671.85000000
2026-03-25T00:26:35.922Z,BTC,70671.86000000
2026-03-25T00:26:36.581Z,BTC,70671.88000000
2026-03-25T00:26:37.617Z,BTC,70671.89000000
2026-03-25T00:26:37.702Z,BTC,70671.88000000
2026-03-25T00:26:38.643Z,BTC,70671.89000000
2026-03-25T00:26:38.743Z,BTC,70671.88000000
2026-03-25T00:26:39.893Z,ETH,2156.44000000
2026-03-25T00:26:40.183Z,BTC,70671.89000000
2026-03-25T00:26:42.268Z,ETH,2156.43000000
2026-03-25T00:26:42.315Z,ETH,2156.42000000
2026-03-25T00:26:42.318Z,ETH,2156.41000000
2026-03-25T00:26:42.320Z,ETH,2156.40000000
2026-03-25T00:26:42.322Z,ETH,2156.39000000
2026-03-25T00:26:42.322Z,ETH,2156.38000000
2026-03-25T00:26:42.322Z,ETH,2156.37000000
2026-03-25T00:26:42.322Z,ETH,2156.36000000
2026-03-25T00:26:42.323Z,ETH,2156.35000000
2026-03-25T00:26:42.323Z,ETH,2156.34000000
2026-03-25T00:26:42.323Z,ETH,2156.33000000
2026-03-25T00:26:42.323Z,ETH,2156.32000000
2026-03-25T00:26:42.323Z,ETH,2156.31000000
2026-03-25T00:26:42.323Z,ETH,2156.30000000
2026-03-25T00:26:42.323Z,ETH,2156.27000000
2026-03-25T00:26:42.323Z,ETH,2156.25000000
2026-03-25T00:26:42.392Z,BTC,70671.88000000
2026-03-25T00:26:42.397Z,BTC,70671.87000000
2026-03-25T00:26:42.398Z,BTC,70671.57000000
2026-03-25T00:26:42.398Z,BTC,70670.60000000
2026-03-25T00:26:42.398Z,BTC,70669.48000000
2026-03-25T00:26:42.398Z,BTC,70668.74000000
2026-03-25T00:26:42.398Z,BTC,70668.01000000
2026-03-25T00:26:42.399Z,BTC,70668.00000000
2026-03-25T00:26:44.281Z,BTC,70667.99000000
2026-03-25T00:26:44.284Z,BTC,70668.00000000
2026-03-25T00:26:45.038Z,ETH,2156.24000000
2026-03-25T00:26:45.039Z,ETH,2156.25000000
2026-03-25T00:26:47.030Z,BTC,70667.99000000
2026-03-25T00:26:47.612Z,ETH,2156.24000000
2026-03-25T00:26:47.632Z,BTC,70667.98000000
2026-03-25T00:26:47.633Z,BTC,70667.31000000
2026-03-25T00:26:47.633Z,BTC,70667.30000000
2026-03-25T00:26:47.633Z,BTC,70667.07000000
2026-03-25T00:26:47.634Z,BTC,70667.06000000
2026-03-25T00:26:47.647Z,BTC,70666.63000000
2026-03-25T00:26:47.669Z,BTC,70666.62000000
2026-03-25T00:26:47.669Z,BTC,70665.99000000
2026-03-25T00:26:47.669Z,BTC,70665.93000000
2026-03-25T00:26:47.669Z,BTC,70665.56000000
2026-03-25T00:26:47.669Z,BTC,70665.43000000
2026-03-25T00:26:47.762Z,ETH,2156.23000000
2026-03-25T00:26:47.763Z,ETH,2156.22000000
2026-03-25T00:26:47.765Z,ETH,2156.21000000
2026-03-25T00:26:47.765Z,ETH,2156.20000000
2026-03-25T00:26:47.766Z,ETH,2156.19000000
2026-03-25T00:26:47.767Z,ETH,2156.18000000
2026-03-25T00:26:47.768Z,ETH,2156.17000000
2026-03-25T00:26:47.769Z,ETH,2156.16000000
2026-03-25T00:26:47.769Z,ETH,2156.15000000
2026-03-25T00:26:47.770Z,ETH,2156.14000000
2026-03-25T00:26:47.770Z,ETH,2156.13000000
2026-03-25T00:26:47.770Z,ETH,2156.12000000
2026-03-25T00:26:47.771Z,ETH,2156.11000000
2026-03-25T00:26:47.771Z,ETH,2156.10000000
2026-03-25T00:26:47.771Z,ETH,2156.09000000
2026-03-25T00:26:47.772Z,ETH,2156.08000000
2026-03-25T00:26:47.772Z,ETH,2156.07000000
2026-03-25T00:26:47.772Z,ETH,2156.06000000
2026-03-25T00:26:47.772Z,ETH,2156.05000000
2026-03-25T00:26:47.773Z,ETH,2156.04000000
2026-03-25T00:26:47.773Z,ETH,2156.03000000
2026-03-25T00:26:47.773Z,ETH,2156.00000000
2026-03-25T00:26:47.774Z,ETH,2155.99000000
2026-03-25T00:26:48.169Z,BTC,70665.42000000
2026-03-25T00:26:51.191Z,ETH,2155.98000000
2026-03-25T00:26:53.106Z,BTC,70665.41000000
2026-03-25T00:26:53.106Z,BTC,70665.08000000
2026-03-25T00:26:53.106Z,BTC,70665.07000000
2026-03-25T00:26:53.106Z,BTC,70664.87000000
2026-03-25T00:26:53.106Z,BTC,70664.65000000
2026-03-25T00:26:53.106Z,BTC,70664.16000000
2026-03-25T00:26:53.107Z,BTC,70663.54000000
2026-03-25T00:26:53.107Z,BTC,70663.25000000
2026-03-25T00:26:53.107Z,BTC,70662.90000000
2026-03-25T00:26:53.107Z,BTC,70662.63000000
2026-03-25T00:26:53.122Z,BTC,70661.83000000
2026-03-25T00:26:53.170Z,BTC,70661.82000000
2026-03-25T00:26:53.170Z,BTC,70661.81000000
2026-03-25T00:26:53.171Z,BTC,70661.06000000
2026-03-25T00:26:53.171Z,BTC,70660.62000000
2026-03-25T00:26:53.171Z,BTC,70660.61000000
2026-03-25T00:26:53.171Z,BTC,70660.24000000
2026-03-25T00:26:53.171Z,BTC,70660.02000000
2026-03-25T00:26:53.171Z,BTC,70660.01000000
2026-03-25T00:26:53.171Z,BTC,70659.53000000
2026-03-25T00:26:53.171Z,BTC,70659.05000000
2026-03-25T00:26:53.172Z,BTC,70659.01000000
2026-03-25T00:26:53.172Z,BTC,70659.00000000
2026-03-25T00:26:53.172Z,BTC,70658.99000000
2026-03-25T00:26:53.172Z,BTC,70658.89000000
2026-03-25T00:26:53.172Z,BTC,70658.17000000
2026-03-25T00:26:53.172Z,BTC,70658.09000000
2026-03-25T00:26:53.172Z,BTC,70658.08000000
2026-03-25T00:26:53.202Z,ETH,2155.99000000
2026-03-25T00:26:53.495Z,BTC,70658.07000000
2026-03-25T00:26:54.741Z,ETH,2155.98000000
2026-03-25T00:26:54.743Z,ETH,2155.97000000
2026-03-25T00:26:54.744Z,ETH,2155.96000000
2026-03-25T00:26:54.744Z,ETH,2155.95000000
2026-03-25T00:26:54.744Z,ETH,2155.94000000
2026-03-25T00:26:54.744Z,ETH,2155.93000000
2026-03-25T00:26:54.747Z,ETH,2155.92000000
2026-03-25T00:26:54.748Z,ETH,2155.91000000
2026-03-25T00:26:54.748Z,ETH,2155.90000000
2026-03-25T00:26:54.749Z,ETH,2155.89000000
2026-03-25T00:26:54.750Z,BTC,70658.06000000
2026-03-25T00:26:54.750Z,ETH,2155.88000000
2026-03-25T00:26:54.750Z,BTC,70657.58000000
2026-03-25T00:26:54.750Z,BTC,70657.24000000
2026-03-25T00:26:54.750Z,BTC,70657.03000000
2026-03-25T00:26:54.750Z,BTC,70656.69000000
2026-03-25T00:26:54.750Z,BTC,70656.48000000
2026-03-25T00:26:54.750Z,ETH,2155.87000000
2026-03-25T00:26:54.750Z,BTC,70656.04000000
2026-03-25T00:26:54.750Z,BTC,70655.93000000
2026-03-25T00:26:54.751Z,BTC,70654.97000000
2026-03-25T00:26:54.751Z,ETH,2155.86000000
2026-03-25T00:26:54.751Z,ETH,2155.85000000
2026-03-25T00:26:54.752Z,BTC,70654.92000000
2026-03-25T00:26:54.752Z,BTC,70654.41000000
2026-03-25T00:26:54.752Z,BTC,70654.05000000
2026-03-25T00:26:54.753Z,BTC,70653.87000000
2026-03-25T00:26:54.753Z,BTC,70653.83000000
2026-03-25T00:26:54.753Z,BTC,70653.82000000
2026-03-25T00:26:54.754Z,BTC,70653.81000000
2026-03-25T00:26:54.754Z,BTC,70653.80000000
2026-03-25T00:26:54.766Z,BTC,70653.43000000
2026-03-25T00:26:54.768Z,ETH,2155.84000000
2026-03-25T00:26:54.769Z,ETH,2155.83000000
2026-03-25T00:26:54.770Z,ETH,2155.82000000
2026-03-25T00:26:54.770Z,ETH,2155.81000000
2026-03-25T00:26:54.770Z,ETH,2155.80000000
2026-03-25T00:26:54.770Z,ETH,2155.79000000
2026-03-25T00:26:54.824Z,ETH,2155.78000000
2026-03-25T00:26:54.963Z,BTC,70653.42000000
2026-03-25T00:26:54.964Z,BTC,70653.41000000
2026-03-25T00:26:54.964Z,BTC,70652.95000000
2026-03-25T00:26:54.965Z,BTC,70652.26000000
2026-03-25T00:26:54.965Z,BTC,70650.58000000
2026-03-25T00:26:54.965Z,BTC,70650.56000000
2026-03-25T00:26:54.965Z,BTC,70650.47000000
2026-03-25T00:26:54.965Z,BTC,70649.89000000
2026-03-25T00:26:54.965Z,BTC,70649.60000000
2026-03-25T00:26:54.965Z,BTC,70649.46000000
2026-03-25T00:26:54.966Z,BTC,70649.42000000
2026-03-25T00:26:54.966Z,BTC,70648.33000000
2026-03-25T00:26:54.966Z,BTC,70648.05000000
2026-03-25T00:26:55.297Z,BTC,70647.58000000
2026-03-25T00:26:55.362Z,ETH,2155.77000000
2026-03-25T00:26:55.363Z,ETH,2155.76000000
2026-03-25T00:26:55.363Z,ETH,2155.75000000
2026-03-25T00:26:55.364Z,ETH,2155.74000000
2026-03-25T00:26:55.364Z,ETH,2155.73000000
2026-03-25T00:26:55.364Z,ETH,2155.72000000
2026-03-25T00:26:55.371Z,ETH,2155.71000000
2026-03-25T00:26:55.373Z,ETH,2155.70000000
2026-03-25T00:26:55.376Z,ETH,2155.69000000
2026-03-25T00:26:55.379Z,ETH,2155.68000000
2026-03-25T00:26:55.429Z,ETH,2155.67000000
2026-03-25T00:26:56.340Z,ETH,2155.66000000
2026-03-25T00:26:56.343Z,ETH,2155.65000000
2026-03-25T00:26:56.344Z,ETH,2155.64000000
2026-03-25T00:26:56.344Z,ETH,2155.63000000
2026-03-25T00:26:56.345Z,ETH,2155.62000000
2026-03-25T00:26:56.345Z,ETH,2155.61000000
2026-03-25T00:26:56.346Z,ETH,2155.60000000
2026-03-25T00:26:56.347Z,BTC,70647.57000000
2026-03-25T00:26:56.347Z,ETH,2155.59000000
2026-03-25T00:26:56.347Z,ETH,2155.58000000
2026-03-25T00:26:56.347Z,BTC,70647.33000000
2026-03-25T00:26:56.348Z,BTC,70646.95000000
2026-03-25T00:26:56.348Z,BTC,70646.94000000
2026-03-25T00:26:56.348Z,ETH,2155.57000000
2026-03-25T00:26:56.348Z,BTC,70646.67000000
2026-03-25T00:26:56.348Z,ETH,2155.56000000
2026-03-25T00:26:56.349Z,ETH,2155.55000000
2026-03-25T00:26:56.349Z,ETH,2155.53000000
2026-03-25T00:26:56.349Z,ETH,2155.52000000
2026-03-25T00:26:56.350Z,ETH,2155.51000000
2026-03-25T00:26:56.369Z,BTC,70646.66000000
2026-03-25T00:26:56.373Z,BTC,70646.65000000
2026-03-25T00:26:56.374Z,BTC,70645.89000000
2026-03-25T00:26:56.375Z,BTC,70645.80000000
2026-03-25T00:26:56.376Z,BTC,70645.79000000
2026-03-25T00:26:56.382Z,BTC,70645.78000000
2026-03-25T00:26:56.528Z,BTC,70645.79000000
2026-03-25T00:26:56.970Z,BTC,70645.78000000
2026-03-25T00:26:56.971Z,BTC,70645.77000000
2026-03-25T00:26:56.971Z,BTC,70645.51000000
2026-03-25T00:26:56.971Z,BTC,70645.12000000
2026-03-25T00:26:56.971Z,BTC,70644.81000000
2026-03-25T00:26:56.971Z,BTC,70644.37000000
2026-03-25T00:26:56.971Z,BTC,70644.28000000
2026-03-25T00:26:56.971Z,BTC,70643.84000000
2026-03-25T00:26:56.971Z,BTC,70643.40000000
2026-03-25T00:26:56.971Z,BTC,70643.23000000
2026-03-25T00:26:56.972Z,BTC,70642.88000000
2026-03-25T00:26:56.972Z,BTC,70642.36000000
2026-03-25T00:26:56.972Z,BTC,70642.00000000
2026-03-25T00:26:56.972Z,BTC,70641.99000000
2026-03-25T00:26:56.972Z,BTC,70641.98000000
2026-03-25T00:26:56.972Z,BTC,70641.62000000
2026-03-25T00:26:56.972Z,BTC,70641.10000000
2026-03-25T00:26:56.972Z,BTC,70641.09000000
2026-03-25T00:26:56.972Z,BTC,70640.40000000
2026-03-25T00:26:56.972Z,BTC,70640.11000000
2026-03-25T00:26:57.251Z,ETH,2155.50000000
2026-03-25T00:26:57.252Z,ETH,2155.49000000
2026-03-25T00:26:57.252Z,ETH,2155.48000000
2026-03-25T00:26:57.252Z,ETH,2155.46000000
2026-03-25T00:26:57.518Z,BTC,70640.10000000
2026-03-25T00:26:57.530Z,BTC,70640.11000000
2026-03-25T00:27:00.482Z,ETH,2155.45000000
2026-03-25T00:27:00.649Z,BTC,70640.10000000
2026-03-25T00:27:00.700Z,BTC,70640.11000000
2026-03-25T00:27:01.189Z,ETH,2155.46000000
2026-03-25T00:27:02.189Z,BTC,70640.10000000
2026-03-25T00:27:02.193Z,BTC,70640.11000000
2026-03-25T00:27:02.279Z,BTC,70640.10000000
2026-03-25T00:27:02.792Z,BTC,70640.11000000
2026-03-25T00:27:03.991Z,BTC,70640.10000000
2026-03-25T00:27:04.191Z,BTC,70640.11000000
2026-03-25T00:27:04.268Z,BTC,70640.10000000
2026-03-25T00:27:04.979Z,BTC,70640.11000000
2026-03-25T00:27:05.142Z,ETH,2155.45000000
2026-03-25T00:27:05.149Z,ETH,2155.44000000
2026-03-25T00:27:05.150Z,ETH,2155.43000000
2026-03-25T00:27:05.151Z,ETH,2155.42000000
2026-03-25T00:27:05.151Z,ETH,2155.41000000
2026-03-25T00:27:05.151Z,ETH,2155.40000000
2026-03-25T00:27:05.152Z,ETH,2155.39000000
2026-03-25T00:27:05.152Z,ETH,2155.38000000
2026-03-25T00:27:05.153Z,ETH,2155.37000000
2026-03-25T00:27:05.153Z,ETH,2155.36000000
2026-03-25T00:27:05.153Z,ETH,2155.34000000
2026-03-25T00:27:05.154Z,ETH,2155.33000000
2026-03-25T00:27:05.154Z,ETH,2155.32000000
2026-03-25T00:27:05.275Z,ETH,2155.31000000
2026-03-25T00:27:05.276Z,ETH,2155.30000000
2026-03-25T00:27:05.604Z,ETH,2155.29000000
2026-03-25T00:27:05.605Z,ETH,2155.28000000
2026-03-25T00:27:05.605Z,ETH,2155.27000000
2026-03-25T00:27:05.606Z,ETH,2155.26000000
2026-03-25T00:27:05.612Z,ETH,2155.24000000
2026-03-25T00:27:05.614Z,ETH,2155.23000000
2026-03-25T00:27:05.614Z,ETH,2155.22000000
2026-03-25T00:27:05.615Z,ETH,2155.21000000
2026-03-25T00:27:05.616Z,ETH,2155.20000000
2026-03-25T00:27:05.616Z,ETH,2155.18000000
2026-03-25T00:27:05.618Z,ETH,2155.17000000
2026-03-25T00:27:05.618Z,ETH,2155.16000000
2026-03-25T00:27:05.618Z,ETH,2155.15000000
2026-03-25T00:27:05.618Z,ETH,2155.14000000
2026-03-25T00:27:05.618Z,ETH,2155.13000000
2026-03-25T00:27:05.619Z,ETH,2155.12000000
2026-03-25T00:27:05.620Z,ETH,2155.11000000
2026-03-25T00:27:05.620Z,ETH,2155.10000000
2026-03-25T00:27:05.622Z,ETH,2155.09000000
2026-03-25T00:27:05.622Z,ETH,2155.08000000
2026-03-25T00:27:05.623Z,ETH,2155.07000000
2026-03-25T00:27:05.624Z,ETH,2155.06000000
2026-03-25T00:27:05.624Z,ETH,2155.05000000
2026-03-25T00:27:05.624Z,ETH,2155.03000000
2026-03-25T00:27:05.624Z,ETH,2155.02000000
2026-03-25T00:27:05.625Z,ETH,2155.01000000
2026-03-25T00:27:05.632Z,BTC,70640.10000000
2026-03-25T00:27:05.634Z,BTC,70640.09000000
2026-03-25T00:27:05.634Z,BTC,70640.03000000
2026-03-25T00:27:05.635Z,BTC,70640.02000000
2026-03-25T00:27:05.635Z,BTC,70640.01000000
2026-03-25T00:27:05.635Z,BTC,70640.00000000
2026-03-25T00:27:05.635Z,BTC,70638.96000000
2026-03-25T00:27:05.635Z,BTC,70638.94000000
2026-03-25T00:27:05.635Z,BTC,70638.93000000
2026-03-25T00:27:05.635Z,BTC,70638.83000000
2026-03-25T00:27:05.635Z,BTC,70638.47000000
2026-03-25T00:27:05.646Z,ETH,2155.00000000
2026-03-25T00:27:05.648Z,ETH,2154.99000000
2026-03-25T00:27:05.651Z,BTC,70638.46000000
2026-03-25T00:27:05.652Z,BTC,70638.45000000
2026-03-25T00:27:05.653Z,BTC,70638.02000000
2026-03-25T00:27:05.653Z,BTC,70638.01000000
2026-03-25T00:27:05.653Z,BTC,70638.00000000
2026-03-25T00:27:05.653Z,BTC,70637.68000000
2026-03-25T00:27:05.653Z,BTC,70636.84000000
2026-03-25T00:27:05.653Z,BTC,70636.83000000
2026-03-25T00:27:05.653Z,BTC,70636.72000000
2026-03-25T00:27:05.654Z,BTC,70636.30000000
2026-03-25T00:27:05.654Z,BTC,70636.00000000
2026-03-25T00:27:05.654Z,BTC,70635.39000000
2026-03-25T00:27:05.654Z,BTC,70635.30000000
2026-03-25T00:27:05.654Z,BTC,70635.07000000
2026-03-25T00:27:05.654Z,BTC,70634.58000000
2026-03-25T00:27:05.654Z,BTC,70634.57000000
2026-03-25T00:27:05.659Z,BTC,70634.18000000
2026-03-25T00:27:05.660Z,BTC,70634.17000000
2026-03-25T00:27:05.698Z,BTC,70634.18000000
2026-03-25T00:27:05.740Z,ETH,2154.98000000
2026-03-25T00:27:05.755Z,ETH,2154.97000000
2026-03-25T00:27:05.757Z,ETH,2154.96000000
2026-03-25T00:27:05.758Z,ETH,2154.93000000
2026-03-25T00:27:05.758Z,ETH,2154.92000000
2026-03-25T00:27:05.758Z,ETH,2154.90000000
2026-03-25T00:27:05.759Z,ETH,2154.89000000
2026-03-25T00:27:05.759Z,ETH,2154.87000000
2026-03-25T00:27:05.760Z,ETH,2154.86000000
2026-03-25T00:27:05.760Z,ETH,2154.85000000
2026-03-25T00:27:05.760Z,ETH,2154.84000000
2026-03-25T00:27:05.760Z,ETH,2154.83000000
2026-03-25T00:27:05.761Z,ETH,2154.82000000
2026-03-25T00:27:05.761Z,ETH,2154.81000000
2026-03-25T00:27:05.929Z,BTC,70634.17000000
2026-03-25T00:27:06.446Z,BTC,70634.18000000
2026-03-25T00:27:06.633Z,BTC,70634.17000000
2026-03-25T00:27:06.636Z,BTC,70634.16000000
2026-03-25T00:27:06.637Z,BTC,70634.00000000
2026-03-25T00:27:06.637Z,BTC,70633.78000000
2026-03-25T00:27:06.637Z,BTC,70633.64000000
2026-03-25T00:27:06.637Z,BTC,70633.55000000
2026-03-25T00:27:06.637Z,BTC,70632.73000000
2026-03-25T00:27:06.637Z,BTC,70632.00000000
2026-03-25T00:27:06.637Z,BTC,70631.77000000
2026-03-25T00:27:06.638Z,BTC,70631.65000000
2026-03-25T00:27:08.803Z,ETH,2154.80000000
2026-03-25T00:27:09.157Z,BTC,70631.64000000
2026-03-25T00:27:09.710Z,ETH,2154.79000000
2026-03-25T00:27:09.710Z,ETH,2154.78000000
2026-03-25T00:27:09.711Z,ETH,2154.77000000
2026-03-25T00:27:09.711Z,ETH,2154.76000000
2026-03-25T00:27:11.409Z,ETH,2154.75000000
2026-03-25T00:27:11.410Z,ETH,2154.74000000
2026-03-25T00:27:11.412Z,ETH,2154.73000000
2026-03-25T00:27:11.413Z,ETH,2154.72000000
2026-03-25T00:27:11.413Z,ETH,2154.71000000
2026-03-25T00:27:11.413Z,ETH,2154.70000000
2026-03-25T00:27:11.414Z,ETH,2154.69000000
2026-03-25T00:27:11.414Z,ETH,2154.68000000
2026-03-25T00:27:11.415Z,ETH,2154.67000000
2026-03-25T00:27:11.415Z,ETH,2154.66000000
2026-03-25T00:27:11.415Z,ETH,2154.65000000
2026-03-25T00:27:11.415Z,ETH,2154.64000000
2026-03-25T00:27:11.416Z,ETH,2154.63000000
2026-03-25T00:27:12.090Z,BTC,70631.65000000
2026-03-25T00:27:13.305Z,BTC,70631.64000000
2026-03-25T00:27:13.671Z,ETH,2154.64000000
2026-03-25T00:27:13.674Z,ETH,2154.65000000
2026-03-25T00:27:13.901Z,ETH,2154.69000000
2026-03-25T00:27:13.902Z,ETH,2154.70000000
2026-03-25T00:27:13.903Z,ETH,2154.73000000
2026-03-25T00:27:14.305Z,ETH,2154.74000000
2026-03-25T00:27:14.306Z,ETH,2154.75000000
2026-03-25T00:27:14.307Z,ETH,2154.76000000
2026-03-25T00:27:14.307Z,ETH,2154.80000000
2026-03-25T00:27:14.308Z,ETH,2154.81000000
2026-03-25T00:27:14.311Z,ETH,2154.83000000
2026-03-25T00:27:14.311Z,ETH,2154.84000000
2026-03-25T00:27:14.312Z,ETH,2154.85000000
2026-03-25T00:27:14.312Z,ETH,2154.86000000
2026-03-25T00:27:14.312Z,ETH,2154.87000000
2026-03-25T00:27:14.313Z,ETH,2154.88000000
2026-03-25T00:27:14.313Z,ETH,2154.90000000
2026-03-25T00:27:14.368Z,ETH,2154.91000000
2026-03-25T00:27:14.424Z,ETH,2154.92000000
2026-03-25T00:27:14.425Z,ETH,2154.93000000
2026-03-25T00:27:14.425Z,ETH,2154.95000000
2026-03-25T00:27:14.426Z,ETH,2154.96000000
2026-03-25T00:27:14.426Z,ETH,2154.97000000
2026-03-25T00:27:14.426Z,ETH,2154.98000000
2026-03-25T00:27:14.427Z,ETH,2154.99000000
2026-03-25T00:27:14.427Z,ETH,2155.00000000
2026-03-25T00:27:14.428Z,ETH,2155.01000000
2026-03-25T00:27:14.811Z,BTC,70631.65000000
2026-03-25T00:27:16.479Z,BTC,70631.64000000
2026-03-25T00:27:16.617Z,ETH,2155.00000000
2026-03-25T00:27:16.864Z,BTC,70631.65000000
2026-03-25T00:27:17.573Z,ETH,2155.01000000
2026-03-25T00:27:17.573Z,ETH,2155.02000000
2026-03-25T00:27:17.574Z,ETH,2155.03000000
2026-03-25T00:27:17.575Z,ETH,2155.04000000
2026-03-25T00:27:17.575Z,ETH,2155.06000000
2026-03-25T00:27:17.576Z,ETH,2155.07000000
2026-03-25T00:27:17.577Z,ETH,2155.08000000
2026-03-25T00:27:17.577Z,ETH,2155.10000000
2026-03-25T00:27:17.578Z,ETH,2155.11000000
2026-03-25T00:27:17.578Z,ETH,2155.12000000
2026-03-25T00:27:17.579Z,ETH,2155.13000000
2026-03-25T00:27:17.579Z,ETH,2155.14000000
2026-03-25T00:27:17.580Z,ETH,2155.15000000
2026-03-25T00:27:17.580Z,ETH,2155.16000000
2026-03-25T00:27:17.580Z,ETH,2155.17000000
2026-03-25T00:27:17.581Z,ETH,2155.18000000
2026-03-25T00:27:18.198Z,BTC,70631.64000000
2026-03-25T00:27:19.710Z,ETH,2155.17000000
2026-03-25T00:27:20.030Z,ETH,2155.18000000
2026-03-25T00:27:20.330Z,ETH,2155.17000000
2026-03-25T00:27:21.074Z,BTC,70631.65000000
2026-03-25T00:27:21.246Z,ETH,2155.18000000
2026-03-25T00:27:21.632Z,BTC,70631.64000000
2026-03-25T00:27:22.503Z,ETH,2155.19000000
2026-03-25T00:27:22.503Z,ETH,2155.20000000
2026-03-25T00:27:22.504Z,ETH,2155.21000000
2026-03-25T00:27:22.504Z,ETH,2155.22000000
2026-03-25T00:27:22.504Z,ETH,2155.23000000
2026-03-25T00:27:22.504Z,ETH,2155.24000000
2026-03-25T00:27:22.505Z,ETH,2155.26000000
2026-03-25T00:27:22.505Z,ETH,2155.28000000
2026-03-25T00:27:22.505Z,ETH,2155.29000000
2026-03-25T00:27:22.505Z,ETH,2155.30000000
2026-03-25T00:27:23.044Z,ETH,2155.29000000
2026-03-25T00:27:24.940Z,ETH,2155.30000000
2026-03-25T00:27:26.919Z,ETH,2155.31000000
2026-03-25T00:27:26.931Z,BTC,70631.65000000
2026-03-25T00:27:26.934Z,ETH,2155.32000000
2026-03-25T00:27:26.938Z,ETH,2155.33000000
2026-03-25T00:27:26.955Z,ETH,2155.34000000
2026-03-25T00:27:26.975Z,BTC,70631.66000000
2026-03-25T00:27:26.975Z,BTC,70631.69000000
2026-03-25T00:27:26.975Z,BTC,70631.70000000
2026-03-25T00:27:26.976Z,BTC,70631.77000000
2026-03-25T00:27:26.976Z,BTC,70631.78000000
2026-03-25T00:27:26.976Z,BTC,70631.99000000
2026-03-25T00:27:26.976Z,BTC,70632.18000000
2026-03-25T00:27:26.976Z,BTC,70632.19000000
2026-03-25T00:27:26.977Z,BTC,70632.73000000
2026-03-25T00:27:26.977Z,BTC,70632.74000000
2026-03-25T00:27:26.977Z,BTC,70633.94000000
2026-03-25T00:27:26.977Z,ETH,2155.35000000
2026-03-25T00:27:26.980Z,ETH,2155.36000000
2026-03-25T00:27:26.981Z,ETH,2155.38000000
2026-03-25T00:27:26.992Z,BTC,70633.98000000
2026-03-25T00:27:26.994Z,BTC,70633.99000000
2026-03-25T00:27:27.061Z,ETH,2155.39000000
2026-03-25T00:27:27.064Z,ETH,2155.40000000
2026-03-25T00:27:27.064Z,ETH,2155.41000000
2026-03-25T00:27:27.065Z,ETH,2155.42000000
2026-03-25T00:27:27.065Z,ETH,2155.43000000
2026-03-25T00:27:27.081Z,BTC,70634.00000000
2026-03-25T00:27:27.081Z,BTC,70634.17000000
2026-03-25T00:27:27.081Z,BTC,70634.18000000
2026-03-25T00:27:27.082Z,BTC,70634.19000000
2026-03-25T00:27:27.082Z,BTC,70634.58000000
2026-03-25T00:27:27.082Z,BTC,70635.30000000
2026-03-25T00:27:27.082Z,BTC,70636.09000000
2026-03-25T00:27:27.082Z,BTC,70636.55000000
2026-03-25T00:27:27.082Z,BTC,70636.56000000
2026-03-25T00:27:27.083Z,BTC,70636.77000000
2026-03-25T00:27:27.083Z,BTC,70636.85000000
2026-03-25T00:27:27.083Z,BTC,70637.32000000
2026-03-25T00:27:27.084Z,BTC,70637.33000000
2026-03-25T00:27:27.084Z,BTC,70637.39000000
2026-03-25T00:27:27.093Z,BTC,70638.14000000
2026-03-25T00:27:27.120Z,ETH,2155.44000000
2026-03-25T00:27:27.120Z,ETH,2155.45000000
2026-03-25T00:27:27.120Z,ETH,2155.46000000
2026-03-25T00:27:27.120Z,ETH,2155.47000000
2026-03-25T00:27:27.121Z,ETH,2155.48000000
2026-03-25T00:27:27.121Z,ETH,2155.49000000
2026-03-25T00:27:27.121Z,ETH,2155.50000000
2026-03-25T00:27:27.121Z,ETH,2155.51000000
2026-03-25T00:27:27.121Z,ETH,2155.52000000
2026-03-25T00:27:27.121Z,ETH,2155.54000000
2026-03-25T00:27:27.122Z,ETH,2155.55000000
2026-03-25T00:27:27.122Z,ETH,2155.56000000
2026-03-25T00:27:27.122Z,ETH,2155.57000000
2026-03-25T00:27:27.122Z,ETH,2155.58000000
2026-03-25T00:27:27.122Z,ETH,2155.59000000
2026-03-25T00:27:27.122Z,ETH,2155.60000000
2026-03-25T00:27:27.123Z,ETH,2155.61000000
2026-03-25T00:27:27.123Z,ETH,2155.62000000
2026-03-25T00:27:27.123Z,ETH,2155.63000000
2026-03-25T00:27:27.123Z,ETH,2155.64000000
2026-03-25T00:27:27.123Z,ETH,2155.65000000
2026-03-25T00:27:27.872Z,BTC,70638.15000000
2026-03-25T00:27:28.098Z,ETH,2155.66000000
2026-03-25T00:27:28.098Z,ETH,2155.67000000
2026-03-25T00:27:28.098Z,ETH,2155.68000000
2026-03-25T00:27:28.098Z,ETH,2155.69000000
2026-03-25T00:27:28.099Z,ETH,2155.70000000
2026-03-25T00:27:28.100Z,ETH,2155.73000000
2026-03-25T00:27:28.100Z,ETH,2155.75000000
2026-03-25T00:27:28.100Z,ETH,2155.76000000
2026-03-25T00:27:28.100Z,ETH,2155.77000000
2026-03-25T00:27:28.101Z,ETH,2155.78000000
2026-03-25T00:27:28.101Z,ETH,2155.79000000
2026-03-25T00:27:28.102Z,ETH,2155.80000000
2026-03-25T00:27:28.102Z,ETH,2155.82000000
2026-03-25T00:27:28.102Z,ETH,2155.83000000
2026-03-25T00:27:28.102Z,ETH,2155.84000000
2026-03-25T00:27:28.103Z,ETH,2155.86000000
2026-03-25T00:27:28.103Z,ETH,2155.87000000
2026-03-25T00:27:28.105Z,ETH,2155.89000000
2026-03-25T00:27:28.106Z,ETH,2155.90000000
2026-03-25T00:27:28.106Z,ETH,2155.92000000
2026-03-25T00:27:28.106Z,ETH,2155.93000000
2026-03-25T00:27:28.106Z,ETH,2155.94000000
2026-03-25T00:27:28.107Z,ETH,2155.95000000
2026-03-25T00:27:28.107Z,ETH,2155.96000000
2026-03-25T00:27:29.613Z,BTC,70638.14000000
2026-03-25T00:27:29.947Z,ETH,2155.95000000
2026-03-25T00:27:29.950Z,ETH,2155.91000000
2026-03-25T00:27:29.950Z,ETH,2155.90000000
2026-03-25T00:27:29.951Z,ETH,2155.89000000
2026-03-25T00:27:29.951Z,ETH,2155.88000000
2026-03-25T00:27:29.952Z,ETH,2155.87000000
2026-03-25T00:27:31.568Z,BTC,70638.15000000
2026-03-25T00:27:31.646Z,BTC,70638.14000000
2026-03-25T00:27:31.801Z,BTC,70638.15000000
2026-03-25T00:27:31.802Z,BTC,70638.16000000
2026-03-25T00:27:31.804Z,BTC,70638.83000000
2026-03-25T00:27:31.804Z,BTC,70638.95000000
2026-03-25T00:27:31.804Z,BTC,70638.96000000
2026-03-25T00:27:31.804Z,BTC,70638.99000000
2026-03-25T00:27:31.804Z,BTC,70639.86000000
2026-03-25T00:27:31.805Z,BTC,70639.87000000
2026-03-25T00:27:31.805Z,BTC,70640.10000000
2026-03-25T00:27:31.805Z,BTC,70640.11000000
2026-03-25T00:27:31.805Z,BTC,70641.39000000
2026-03-25T00:27:31.821Z,BTC,70641.43000000
2026-03-25T00:27:31.823Z,BTC,70641.44000000
2026-03-25T00:27:31.824Z,BTC,70641.62000000
2026-03-25T00:27:31.824Z,BTC,70642.16000000
2026-03-25T00:27:31.824Z,BTC,70642.17000000
2026-03-25T00:27:31.824Z,BTC,70642.36000000
2026-03-25T00:27:31.824Z,BTC,70642.55000000
2026-03-25T00:27:31.825Z,BTC,70643.34000000
2026-03-25T00:27:31.825Z,BTC,70643.48000000
2026-03-25T00:27:31.825Z,BTC,70643.84000000
2026-03-25T00:27:31.825Z,BTC,70644.28000000
2026-03-25T00:27:31.825Z,BTC,70644.38000000
2026-03-25T00:27:31.825Z,BTC,70644.73000000
2026-03-25T00:27:31.825Z,BTC,70644.74000000
2026-03-25T00:27:31.826Z,BTC,70644.80000000
2026-03-25T00:27:31.826Z,BTC,70645.06000000
2026-03-25T00:27:31.826Z,BTC,70645.79000000
2026-03-25T00:27:31.826Z,BTC,70645.89000000
2026-03-25T00:27:31.826Z,BTC,70646.12000000
2026-03-25T00:27:31.826Z,BTC,70646.31000000
2026-03-25T00:27:31.908Z,BTC,70646.32000000
2026-03-25T00:27:31.909Z,BTC,70646.33000000
2026-03-25T00:27:31.910Z,BTC,70646.49000000
2026-03-25T00:27:31.910Z,BTC,70646.59000000
2026-03-25T00:27:31.910Z,BTC,70646.60000000
2026-03-25T00:27:31.910Z,BTC,70646.65000000
2026-03-25T00:27:31.910Z,BTC,70646.94000000
2026-03-25T00:27:31.959Z,BTC,70647.57000000
2026-03-25T00:27:32.121Z,BTC,70647.56000000
2026-03-25T00:27:33.061Z,BTC,70647.57000000
2026-03-25T00:27:33.175Z,BTC,70647.56000000
2026-03-25T00:27:33.866Z,BTC,70647.57000000
2026-03-25T00:27:35.036Z,BTC,70647.56000000
2026-03-25T00:27:35.082Z,BTC,70647.57000000
2026-03-25T00:27:36.423Z,BTC,70647.56000000
2026-03-25T00:27:37.365Z,BTC,70647.57000000
2026-03-25T00:27:37.525Z,BTC,70647.58000000
2026-03-25T00:27:37.525Z,BTC,70649.41000000
2026-03-25T00:27:37.525Z,BTC,70649.42000000
2026-03-25T00:27:37.525Z,BTC,70649.46000000
2026-03-25T00:27:37.526Z,BTC,70649.59000000
2026-03-25T00:27:38.000Z,ETH,2155.88000000
2026-03-25T00:27:38.001Z,ETH,2155.89000000
2026-03-25T00:27:38.002Z,ETH,2155.90000000
2026-03-25T00:27:38.002Z,ETH,2155.91000000
2026-03-25T00:27:38.003Z,ETH,2155.92000000
2026-03-25T00:27:38.003Z,ETH,2155.96000000
2026-03-25T00:27:38.004Z,ETH,2155.97000000
2026-03-25T00:27:38.004Z,ETH,2155.98000000
2026-03-25T00:27:38.471Z,BTC,70649.60000000
2026-03-25T00:27:38.477Z,BTC,70649.61000000
2026-03-25T00:27:38.478Z,BTC,70650.26000000
2026-03-25T00:27:39.173Z,BTC,70650.27000000
2026-03-25T00:27:39.177Z,BTC,70650.28000000
2026-03-25T00:27:39.177Z,BTC,70650.35000000
2026-03-25T00:27:39.178Z,BTC,70650.36000000
2026-03-25T00:27:39.178Z,BTC,70650.86000000
2026-03-25T00:27:39.178Z,BTC,70650.96000000
2026-03-25T00:27:39.178Z,BTC,70651.09000000
2026-03-25T00:27:39.178Z,BTC,70651.10000000
2026-03-25T00:27:39.178Z,ETH,2155.99000000
2026-03-25T00:27:39.179Z,BTC,70651.82000000
2026-03-25T00:27:39.179Z,BTC,70651.83000000
2026-03-25T00:27:39.180Z,BTC,70651.84000000
2026-03-25T00:27:39.180Z,BTC,70651.85000000
2026-03-25T00:27:39.180Z,BTC,70652.26000000
2026-03-25T00:27:39.180Z,BTC,70652.95000000
2026-03-25T00:27:39.181Z,BTC,70653.24000000
2026-03-25T00:27:39.181Z,BTC,70653.37000000
2026-03-25T00:27:39.181Z,BTC,70653.44000000
2026-03-25T00:27:39.181Z,BTC,70654.10000000
2026-03-25T00:27:39.181Z,BTC,70654.44000000
2026-03-25T00:27:39.181Z,BTC,70654.50000000
2026-03-25T00:27:39.181Z,BTC,70654.51000000
2026-03-25T00:27:39.182Z,ETH,2156.00000000
2026-03-25T00:27:39.182Z,ETH,2156.01000000
2026-03-25T00:27:39.182Z,ETH,2156.03000000
2026-03-25T00:27:39.183Z,ETH,2156.04000000
2026-03-25T00:27:39.183Z,ETH,2156.05000000
2026-03-25T00:27:39.183Z,ETH,2156.07000000
2026-03-25T00:27:39.184Z,BTC,70654.52000000
2026-03-25T00:27:39.184Z,BTC,70654.80000000
2026-03-25T00:27:39.184Z,BTC,70654.92000000
2026-03-25T00:27:39.184Z,BTC,70654.97000000
2026-03-25T00:27:39.184Z,BTC,70655.24000000
2026-03-25T00:27:39.184Z,BTC,70655.30000000
2026-03-25T00:27:39.184Z,BTC,70655.36000000
2026-03-25T00:27:39.184Z,BTC,70655.53000000
2026-03-25T00:27:39.184Z,BTC,70656.04000000
2026-03-25T00:27:39.185Z,BTC,70656.48000000
2026-03-25T00:27:39.190Z,ETH,2156.08000000
2026-03-25T00:27:39.190Z,ETH,2156.09000000
2026-03-25T00:27:39.217Z,ETH,2156.10000000
2026-03-25T00:27:39.217Z,ETH,2156.11000000
2026-03-25T00:27:39.230Z,BTC,70656.69000000
2026-03-25T00:27:39.242Z,BTC,70656.70000000
2026-03-25T00:27:39.245Z,BTC,70656.88000000
2026-03-25T00:27:39.245Z,BTC,70656.89000000
2026-03-25T00:27:39.246Z,BTC,70657.26000000
2026-03-25T00:27:39.340Z,BTC,70657.27000000
2026-03-25T00:27:39.365Z,ETH,2156.12000000
2026-03-25T00:27:39.366Z,ETH,2156.13000000
2026-03-25T00:27:39.366Z,ETH,2156.14000000
2026-03-25T00:27:39.366Z,ETH,2156.15000000
2026-03-25T00:27:39.368Z,ETH,2156.16000000
2026-03-25T00:27:39.368Z,ETH,2156.17000000
2026-03-25T00:27:39.368Z,ETH,2156.18000000
2026-03-25T00:27:39.369Z,ETH,2156.19000000
2026-03-25T00:27:39.373Z,ETH,2156.20000000
2026-03-25T00:27:39.379Z,ETH,2156.21000000
2026-03-25T00:27:39.379Z,ETH,2156.22000000
2026-03-25T00:27:39.379Z,BTC,70657.28000000
2026-03-25T00:27:39.380Z,ETH,2156.23000000
2026-03-25T00:27:39.380Z,BTC,70657.47000000
2026-03-25T00:27:39.380Z,ETH,2156.24000000
2026-03-25T00:27:39.380Z,BTC,70657.58000000
2026-03-25T00:27:39.380Z,BTC,70657.70000000
2026-03-25T00:27:39.380Z,BTC,70658.07000000
2026-03-25T00:27:39.381Z,BTC,70658.08000000
2026-03-25T00:27:39.382Z,BTC,70658.17000000
2026-03-25T00:27:39.422Z,ETH,2156.25000000
2026-03-25T00:27:39.433Z,BTC,70658.32000000
2026-03-25T00:27:39.435Z,BTC,70658.33000000
2026-03-25T00:27:39.436Z,BTC,70659.94000000
2026-03-25T00:27:39.436Z,BTC,70660.00000000
2026-03-25T00:27:39.436Z,BTC,70660.01000000
2026-03-25T00:27:39.436Z,BTC,70660.20000000
2026-03-25T00:27:39.437Z,BTC,70660.24000000
2026-03-25T00:27:39.446Z,ETH,2156.26000000
2026-03-25T00:27:39.446Z,ETH,2156.28000000
2026-03-25T00:27:39.446Z,ETH,2156.29000000
2026-03-25T00:27:39.519Z,ETH,2156.30000000
2026-03-25T00:27:39.520Z,ETH,2156.31000000
2026-03-25T00:27:39.521Z,ETH,2156.34000000
2026-03-25T00:27:39.521Z,ETH,2156.35000000
2026-03-25T00:27:39.522Z,ETH,2156.36000000
2026-03-25T00:27:39.522Z,ETH,2156.37000000
2026-03-25T00:27:39.526Z,ETH,2156.39000000
2026-03-25T00:27:39.526Z,ETH,2156.40000000
2026-03-25T00:27:39.526Z,ETH,2156.41000000
2026-03-25T00:27:39.526Z,ETH,2156.42000000
2026-03-25T00:27:39.527Z,ETH,2156.43000000
2026-03-25T00:27:39.527Z,ETH,2156.44000000
2026-03-25T00:27:39.527Z,ETH,2156.43000000
2026-03-25T00:27:39.899Z,ETH,2156.44000000
2026-03-25T00:27:40.669Z,ETH,2156.43000000
2026-03-25T00:27:41.098Z,BTC,70660.28000000
2026-03-25T00:27:41.581Z,ETH,2156.44000000
2026-03-25T00:27:41.748Z,BTC,70660.29000000
2026-03-25T00:27:41.764Z,BTC,70660.28000000
2026-03-25T00:27:42.199Z,BTC,70660.29000000
2026-03-25T00:27:42.230Z,BTC,70660.30000000
2026-03-25T00:27:42.231Z,BTC,70660.67000000
2026-03-25T00:27:42.231Z,BTC,70660.68000000
2026-03-25T00:27:42.232Z,BTC,70662.00000000
2026-03-25T00:27:42.232Z,BTC,70662.40000000
2026-03-25T00:27:42.272Z,BTC,70662.42000000
2026-03-25T00:27:42.273Z,BTC,70662.43000000
2026-03-25T00:27:42.273Z,BTC,70662.61000000
2026-03-25T00:27:42.273Z,BTC,70662.62000000
2026-03-25T00:27:42.274Z,BTC,70662.64000000
2026-03-25T00:27:42.274Z,BTC,70662.65000000
2026-03-25T00:27:42.274Z,BTC,70662.90000000
2026-03-25T00:27:42.274Z,BTC,70663.54000000
2026-03-25T00:27:42.274Z,BTC,70664.00000000
2026-03-25T00:27:42.274Z,BTC,70664.10000000
2026-03-25T00:27:42.274Z,BTC,70664.11000000
2026-03-25T00:27:42.274Z,BTC,70664.69000000
2026-03-25T00:27:42.274Z,BTC,70664.86000000
2026-03-25T00:27:42.274Z,BTC,70665.42000000
2026-03-25T00:27:42.274Z,BTC,70665.43000000
2026-03-25T00:27:42.277Z,BTC,70665.56000000
2026-03-25T00:27:42.277Z,BTC,70665.57000000
2026-03-25T00:27:42.277Z,BTC,70665.80000000
2026-03-25T00:27:42.405Z,ETH,2156.45000000
2026-03-25T00:27:42.406Z,ETH,2156.46000000
2026-03-25T00:27:42.406Z,ETH,2156.47000000
2026-03-25T00:27:42.407Z,ETH,2156.48000000
2026-03-25T00:27:42.407Z,ETH,2156.49000000
2026-03-25T00:27:42.407Z,ETH,2156.50000000
2026-03-25T00:27:42.408Z,ETH,2156.51000000
2026-03-25T00:27:42.408Z,ETH,2156.52000000
2026-03-25T00:27:42.409Z,ETH,2156.53000000
2026-03-25T00:27:42.409Z,ETH,2156.54000000
2026-03-25T00:27:42.409Z,ETH,2156.55000000
2026-03-25T00:27:42.410Z,ETH,2156.57000000
2026-03-25T00:27:42.410Z,ETH,2156.58000000
2026-03-25T00:27:42.410Z,ETH,2156.59000000
2026-03-25T00:27:42.410Z,ETH,2156.60000000
2026-03-25T00:27:42.411Z,ETH,2156.61000000
2026-03-25T00:27:42.411Z,ETH,2156.62000000
2026-03-25T00:27:42.411Z,ETH,2156.63000000
2026-03-25T00:27:42.411Z,ETH,2156.64000000
2026-03-25T00:27:42.412Z,ETH,2156.65000000
2026-03-25T00:27:42.412Z,ETH,2156.67000000
2026-03-25T00:27:42.412Z,ETH,2156.68000000
2026-03-25T00:27:42.589Z,BTC,70666.00000000
2026-03-25T00:27:42.593Z,BTC,70666.01000000
2026-03-25T00:27:42.594Z,BTC,70667.07000000
2026-03-25T00:27:42.594Z,BTC,70667.99000000
2026-03-25T00:27:42.594Z,BTC,70668.00000000
2026-03-25T00:27:42.594Z,BTC,70668.22000000
2026-03-25T00:27:42.594Z,BTC,70668.68000000
2026-03-25T00:27:42.595Z,BTC,70669.20000000
2026-03-25T00:27:42.620Z,BTC,70669.39000000
2026-03-25T00:27:42.623Z,BTC,70669.40000000
2026-03-25T00:27:42.624Z,BTC,70669.72000000
2026-03-25T00:27:42.624Z,BTC,70670.00000000
2026-03-25T00:27:42.624Z,BTC,70670.60000000
2026-03-25T00:27:42.624Z,BTC,70670.88000000
2026-03-25T00:27:42.624Z,BTC,70671.57000000
2026-03-25T00:27:42.670Z,BTC,70671.58000000
2026-03-25T00:27:42.674Z,BTC,70671.59000000
2026-03-25T00:27:42.674Z,BTC,70671.90000000
2026-03-25T00:27:42.675Z,BTC,70672.00000000
2026-03-25T00:27:42.675Z,BTC,70672.32000000
2026-03-25T00:27:42.675Z,BTC,70672.50000000
2026-03-25T00:27:42.675Z,BTC,70673.54000000
2026-03-25T00:27:42.675Z,BTC,70674.00000000
2026-03-25T00:27:42.675Z,BTC,70674.13000000
2026-03-25T00:27:42.676Z,BTC,70674.72000000
2026-03-25T00:27:42.676Z,BTC,70674.91000000
2026-03-25T00:27:42.676Z,BTC,70675.14000000
2026-03-25T00:27:42.690Z,ETH,2156.70000000
2026-03-25T00:27:42.775Z,BTC,70675.77000000
2026-03-25T00:27:42.781Z,BTC,70675.78000000
2026-03-25T00:27:44.581Z,BTC,70675.77000000
2026-03-25T00:27:44.741Z,BTC,70675.78000000
2026-03-25T00:27:45.542Z,ETH,2156.71000000
2026-03-25T00:27:45.543Z,ETH,2156.72000000
2026-03-25T00:27:45.543Z,ETH,2156.73000000
2026-03-25T00:27:45.544Z,ETH,2156.74000000
2026-03-25T00:27:45.544Z,ETH,2156.75000000
2026-03-25T00:27:45.544Z,ETH,2156.76000000
2026-03-25T00:27:45.544Z,ETH,2156.77000000
2026-03-25T00:27:45.544Z,ETH,2156.78000000
2026-03-25T00:27:45.544Z,ETH,2156.79000000
2026-03-25T00:27:45.544Z,ETH,2156.80000000
2026-03-25T00:27:45.545Z,ETH,2156.81000000
2026-03-25T00:27:45.751Z,BTC,70675.77000000
2026-03-25T00:27:46.163Z,ETH,2156.82000000
2026-03-25T00:27:47.383Z,ETH,2156.81000000